khipu_id,pc1,pc2,cluster_kmeans,cluster_hierarchical
1000000,-1.0922112096510828,-0.024757617548852653,3,3
1000001,-2.436637836724372,-1.8106058941801138,1,5
1000002,-0.8361512532588925,0.7095220327369245,3,3
1000003,-0.6644563790621971,0.48546912217719074,3,3
1000004,1.791912910355443,0.5612782466222345,0,1
1000005,-0.1309490706693292,0.5564337927688106,3,3
1000006,0.24871829199776385,0.8662355667785033,3,1
1000007,3.391849838715408,0.5128750149233626,0,1
1000008,-0.17406302961553263,1.3446468236215923,3,1
1000009,0.6077767586842039,1.2077081869980064,3,1
1000010,0.44946217273634503,1.2204343211515025,3,1
1000011,-0.6076187277498676,0.5430414639834573,3,3
1000012,0.6613518715780639,1.3443170876344992,3,1
1000013,-0.8286983809516193,-1.1208785192716484,3,3
1000014,-0.5289147036079044,-0.36640555009817216,3,3
1000015,-0.6410393132301149,0.4527887760572128,3,3
1000017,-0.5841232249968307,0.9138989430721055,3,3
1000018,4.463578745611392,0.018888018938316032,0,1
1000019,1.6912529626984794,0.11152214268581159,0,1
1000020,8.789158629288856,-0.9766574505569572,0,0
1000021,0.7262924883172664,0.5593443555484369,3,1
1000022,1.4890276916696434,0.6129588925091959,0,1
1000023,7.372091673934611,-1.4266064437233568,0,0
1000024,7.827494031806151,-1.432466032537808,0,0
1000025,11.268545915870018,-2.688510702531756,4,0
1000026,-1.2253148774821123,0.5424333472230729,3,3
1000027,-1.0466057206816386,-0.20612619915774785,3,3
1000028,-1.1015052339751443,0.012337713949872023,3,3
1000029,3.0742554340277146,0.21852444243352076,0,1
1000030,-0.8758456200090584,0.7377758090363891,3,3
1000031,-1.4989096881213773,-0.3027168186617538,3,3
1000032,0.721571297641314,1.0444334020112345,3,1
1000033,-0.05124301118507426,0.7719358109726612,3,3
1000034,0.2796735419344595,1.166607113782816,3,3
1000035,-0.762627591688197,0.78843306117578,3,3
1000036,-1.2339655801786715,0.28392004118196845,3,3
1000037,-0.6585228667980885,0.9461777208511647,3,3
1000038,-2.4722307743904492,-2.2462929048187674,1,5
1000039,-0.020344402148580434,0.21667652195257675,2,6
1000040,0.5807403836580881,0.4986887591482653,3,3
1000041,-0.44003019370486796,0.646697014204251,3,3
1000042,0.10185481468044102,1.090942585589615,3,3
1000043,-1.14063954847278,0.7797648563110523,3,3
1000044,-0.9369736055973682,1.0024289244529372,3,3
1000045,3.8829622577122964,-0.39507756773376385,0,1
1000046,-1.0711788363982735,0.668905835033982,3,3
1000047,-0.18025336886490612,1.229933859355286,3,3
1000048,-1.193839087366655,0.3248280451529871,3,3
1000049,-1.0771486472107372,0.688063420645284,3,3
1000050,-0.19978411460290216,0.8710249707388277,3,3
1000051,-0.897375021745238,0.3809823111102754,3,3
1000052,-0.2692318599490378,1.1079803127745727,3,1
1000053,4.267185313261219,-1.614340718763686,2,6
1000054,-1.2212397555598755,0.21279401478699056,3,3
1000055,-1.6150373845561228,-0.07412784669545905,3,3
1000056,-0.34075728064193567,-0.8581861412939326,3,3
1000057,1.9437072528476533,-0.6207153233328813,2,6
1000058,-0.41491592403858407,1.2167462474752526,3,3
1000059,-1.3152464101204688,0.37052987472902216,3,3
1000060,-0.7725797835378866,1.2748971276979255,3,1
1000061,-1.8127517393566768,-1.0640690771095587,1,3
1000062,-1.8461570289810167,-0.8773632578227417,1,3
1000063,4.953470886150988,-1.0549860374605835,0,1
1000064,-1.0743865602199778,0.14502117838120954,3,3
1000065,0.9236997578509979,-1.1041992843574402,2,3
1000066,-2.2082215596367973,-1.5886320218853598,1,3
1000067,-1.4375117660852357,0.16972008012300124,3,3
1000068,-2.056088465070444,-1.2522069763688422,1,3
1000069,-2.251462224653023,-1.454805891535795,1,3
1000070,-1.5902337915336766,-0.0883741803782915,3,3
1000071,-0.24717263321633867,0.301651193060413,3,3
1000072,-1.5812158072249294,-0.3120335435100171,3,3
1000073,-1.7553293547811943,-0.46470546449916594,3,3
1000074,-1.0426523376390608,0.3937451010388412,3,3
1000075,-1.5704969983903363,-0.3230689390778814,3,3
1000076,-0.6328799486703325,1.0744744094040675,3,3
1000077,4.236504643534398,-1.7551864236451886,2,6
1000078,-1.7753772579945164,-0.4742793925214606,1,3
1000079,0.3454131442605423,0.8272293386372482,3,3
1000080,-0.7373142249875265,0.3071227380140418,3,3
1000081,-0.8503807523467404,0.9575731895202143,3,3
1000082,-1.403884801688915,-0.027252512396610213,3,3
1000083,1.3156279559724533,1.1369037335940388,0,1
1000084,-2.398460362867984,-2.023983973365047,1,5
1000085,3.78519638468706,-0.6364765639666904,0,1
1000086,-1.5345419970540064,-0.10356394475581607,3,3
1000087,-0.9185431009770427,0.8994188172602108,3,3
1000088,2.099595601172427,-5.0421318971488365,6,4
1000089,2.347424356612593,0.2598018781944464,0,1
1000090,-1.2466510525369339,-0.09000575909817278,3,3
1000091,-0.24203698322617764,0.7586530864684329,3,3
1000092,-1.5048608595121526,-0.738789701879884,3,3
1000093,-0.9296103480807353,0.6569497756608189,3,3
1000094,2.9400784451728477,0.7369834784641338,0,1
1000096,28.13340670023174,-9.37867384083115,4,0
1000097,0.3401905157422112,1.323519218373915,3,1
1000098,-0.32400004587845493,0.438496132059189,3,3
1000099,-0.5142192759287064,0.40381655708789743,3,3
1000100,-1.0086522816367667,0.21964741474130198,3,3
1000101,-0.8330444191160975,0.8511858456842262,3,3
1000103,6.875190842107533,-1.7241752506524737,0,0
1000105,-1.5088409627723613,-1.2434613556476548,3,3
1000106,-1.3209648958782598,0.18608493976868637,3,3
1000107,-1.4579517342501813,-0.10908625580203087,3,3
1000108,-1.0292093829440527,0.3345433035331891,3,3
1000109,-1.4663373372911752,-0.173081417029724,3,3
1000110,-1.169544331276226,0.1890419947625748,3,3
1000111,-1.4493236371126765,-0.8433030910883439,3,3
1000112,-3.0381572595194037,-3.130163857666626,1,5
1000113,-0.7744312134590153,0.514573648332727,3,3
1000114,-1.3044493130421668,-0.0315953478202493,3,3
1000115,2.101969595783461,0.5877470844651439,0,1
1000116,-1.2339655801786715,0.28392004118196845,3,3
1000117,-1.1742899209094446,0.37429535351402077,3,3
1000118,-0.8947233640434101,0.5457277699469035,3,3
1000119,-0.10713358048690813,0.4732626202753289,2,6
1000120,0.5378030225864214,0.7813219373077408,3,1
1000121,0.943591724299083,0.8174909681212482,3,1
1000122,-1.3209648958782598,0.18608493976868637,3,3
1000123,-1.2339655801786715,0.28392004118196845,3,3
1000124,0.8890810372199915,0.20985104333326796,2,6
1000125,-0.40035809194779515,1.373822785360853,3,1
1000126,-0.3651284194116061,1.435010945024885,3,1
1000127,0.6188936066873619,0.9992232395547181,3,1
1000128,-0.6928909492454892,1.153734477856683,3,3
1000129,-3.5504144187854787,-4.292141419733255,1,5
1000130,-1.7751273501447713,-0.6064802078428427,1,3
1000131,-0.052978256755046,0.5124423065164904,2,6
1000132,-0.7690783831489453,0.8238097918655254,3,3
1000133,-1.2365725852483485,-0.2855929194822194,3,3
1000134,-2.085782055847635,-1.086246248113894,1,3
1000135,-1.4414588850030159,-0.21161104937009362,3,3
1000136,-2.645857729096421,-2.6077262837894866,1,5
1000137,-0.7841670150041233,0.6757142994692655,3,3
1000138,-0.787750967397188,1.081978365342059,3,3
1000139,-0.9700782416119395,0.3186310200195498,3,3
1000140,4.037021976172693,-0.10121934127141557,0,1
1000141,-1.930629366569474,-0.985030765026541,1,3
1000142,-1.3068995107732746,0.10747196322686868,3,3
1000143,-0.8861026441403548,0.4975456230341766,3,3
1000144,1.1099230592095555,0.8941301448314743,3,1
1000145,-0.9177340493556122,0.812523324221932,3,3
1000146,0.012577188789122402,1.9246063768141206,3,1
1000147,3.9099279028894482,0.6595335188592955,0,1
1000148,3.607953367595631,-0.00694078640406474,0,1
1000149,-1.4746543790623512,-0.01573334615862245,3,3
1000150,-0.7179004865413108,0.8498571942162332,3,3
1000151,-0.7372012589528343,0.6009671572401221,3,3
1000152,-0.6685119926976701,0.9202203160435201,3,3
1000154,-2.6903981152622074,-2.358785191407064,1,5
1000155,-6.055410872397545,-10.131486606130116,1,5
1000156,-2.0161149817908344,-1.4023739984197867,1,3
1000157,-1.9573535982689458,-0.8356661095970875,1,3
1000158,-0.5999880378300437,1.2550708651958495,3,1
1000159,-0.27431596969975286,1.0028481628163153,3,3
1000160,-4.029483981040265,-6.642712766145173,1,5
1000161,-1.652740671923364,-0.4391901341044439,3,3
1000162,-0.7545020895727915,0.5632925120789556,3,3
1000163,-1.2762284108479482,0.237939324278387,3,3
1000164,0.43825264538246356,0.8853198994144289,3,1
1000165,-0.31207198343652515,1.2959915013663625,3,3
1000166,-0.7537596260651549,0.6555127507613697,3,3
1000167,-0.9821522827541324,0.6444299217396148,3,3
1000168,-3.5504144187854787,-4.292141419733255,1,5
1000169,-1.1321589832283026,-0.2850881699778543,3,3
1000170,-0.48883017713591886,0.7203117795525651,3,3
1000171,-1.4746543790623512,-0.01573334615862245,3,3
1000172,-0.946947724497032,0.28080729580578995,3,3
1000173,-2.085782055847635,-1.086246248113894,1,3
1000174,-1.4686657683126176,-3.6556247594182594,6,4
1000176,-0.5491140895703119,-0.10542271055062619,3,3
1000177,-1.0453590012824667,-2.330903629844934,5,2
1000178,-0.8245394932529309,0.8230127702980882,3,3
1000179,-0.8951363638014356,0.8052551994102802,3,3
1000180,0.7117271158849571,0.013644742186311705,3,3
1000182,-3.5504144187854787,-4.292141419733255,1,5
1000183,8.916096648344373,-2.409585647093984,4,0
1000184,0.5782779384941931,-0.33129687515615386,2,6
1000185,0.03005376019078156,1.6480189662815299,3,1
1000186,-1.6116264693087916,-0.6689819116882185,3,3
1000187,-1.6510926134489934,-0.35142549359699815,3,3
1000188,-0.6565730115553522,0.7410335309941714,3,3
1000189,-1.6679543776825447,-0.26918233656477375,3,3
1000190,-1.8237324397715864,-1.582489386744355,1,3
1000191,-1.8488642940246671,-0.6324312917841702,1,3
1000192,0.04595870866376964,0.8022351491455347,3,3
1000194,-1.8136585193093258,-1.2246039539468812,1,3
1000195,-3.4836038395367988,-4.665553058306888,1,5
1000196,-4.213506063406166,-7.231081142943707,1,5
1000197,0.10546974288279648,0.5628328992174374,3,3
1000198,2.1785681928532514,0.9905147928010816,0,1
1000199,-0.8395402764716294,0.6726543780324532,3,3
1000200,-0.13564726396056767,0.6334561192904494,3,3
1000201,1.2747145958132005,1.5758099043272242,0,1
1000204,-1.215243166163231,-1.081591256604517,3,3
1000205,-3.0381572595194037,-3.130163857666626,1,5
1000206,-1.5300535977399847,0.0657508407130275,3,3
1000207,-0.45973534725463516,0.6546565790699744,3,3
1000208,-0.16498738780608424,1.773617912486934,3,1
1000209,-0.19475599600032606,1.5080839430506678,3,1
1000210,-0.91094981477162,0.5711170297965725,3,1
1000211,-0.7441860933555999,0.7827282482562135,3,3
1000212,-0.3190791043106139,0.9935549482687113,3,3
1000213,-0.6871783696580467,0.3671943110991203,3,3
1000214,-0.48328731487648857,1.0207881246256187,3,3
1000216,-1.6193648655016866,-0.5407544373455982,3,3
1000217,-2.1414109803881174,-1.9620436604589935,1,5
1000218,-2.6903981152622074,-2.358785191407064,1,5
1000220,-1.2450935652344393,0.4350314337027277,3,3
1000221,-0.7867611767500479,0.4511837446382913,3,3
1000222,-0.6985077352288851,1.0382918383430944,3,3
1000223,-0.7460472740159675,0.7907899662197985,3,3
1000224,-2.556776956764848,-3.1056084685543315,1,5
1000225,-2.298701861294207,-2.130944624296968,1,3
1000226,-2.398460362867984,-2.023983973365047,1,5
1000227,-0.28714594926308745,1.1818058627922066,3,1
1000228,-0.45135986800001093,0.3202561591900642,3,3
1000229,0.015358571603672924,1.1088614853328378,3,3
1000230,0.2021985377347814,0.8534693414250872,3,3
1000231,-0.19304235058287345,-0.24288224467541425,3,3
1000232,-0.5365948171437265,0.13860001788993184,3,3
1000233,-0.09599639308874869,1.085321750111527,3,3
1000234,-0.24473047957453584,0.42306156300601094,3,6
1000235,0.6925652004205386,1.539122454653742,3,1
1000236,0.42066939654825625,0.35330849073411813,3,3
1000238,4.134349843510591,0.3486122752997086,0,1
1000239,0.026432718585119953,1.3264429977443095,3,1
1000240,-0.5175983790037526,0.45675201632816526,3,3
1000241,0.02667202335055954,-2.97723359006652,6,4
1000242,-2.3602828890115957,-2.237362052549981,1,5
1000243,-0.9407454446221819,0.7191850487564245,3,3
1000244,-0.863200093359414,0.1614175121938202,3,3
1000245,-0.575358533822655,0.5497487101037439,3,3
1000246,-0.5565224512900369,0.20546538675807383,3,3
1000247,-0.7595992572071135,-0.9653217235632328,3,3
1000248,-0.7595992572071135,-0.9653217235632328,3,3
1000249,-0.0012145382593738284,1.1114296314310879,3,3
1000250,0.210457318195236,-0.4085155955267346,2,6
1000251,0.1514652422297677,1.048820786781861,3,3
1000252,-1.5812158072249294,-0.3120335435100171,3,3
1000253,-1.0837140306454411,0.4232030349897645,3,3
1000254,-1.6662485824496214,-0.9625876492640105,1,3
1000255,-0.6657391472956212,0.7285072599364996,3,3
1000256,-1.4098289157898043,-0.8005990034265986,3,3
1000257,-1.923896502624735,-1.7910872389577221,1,3
1000258,-0.27168359767463807,-0.8169950585510264,3,3
1000259,0.9841971818602006,-0.42302394663830956,2,6
1000260,-0.5366726621375506,0.5012968414358198,3,3
1000261,-0.5366726621375506,0.5012968414358198,3,3
1000262,0.17654745274810663,0.1187443514323496,2,6
1000263,0.2582449606969317,0.6194415919888127,3,3
1000264,0.9999679863008792,0.5285483343328737,3,1
1000265,-0.2398465014289264,1.083018535177258,3,3
1000266,-0.40725663564508674,1.2497837095234714,3,3
1000267,-0.1538751951929506,0.6193338153813485,2,6
1000268,0.07650684091628815,0.568282179572668,2,6
1000269,0.3431452363315634,1.2183551085720463,3,3
1000270,0.2532903823961628,1.0837462067709922,3,3
1000271,0.8254629298419623,0.5881544844244856,3,3
1000272,0.02006106006833527,0.8125551079129848,3,1
1000273,4.569687518894788,-0.34198624076637385,0,1
1000274,0.9654999146981145,0.9390129872203633,3,1
1000275,3.050638355686366,0.1748303668569252,0,1
1000276,-1.9027392916408987,-0.7267217691820363,1,3
1000277,-0.6327086109639533,0.1720210936111689,3,3
1000279,6.104458596965598,0.10530669097271096,5,2
1000280,2.4110632690941443,0.45227486463313227,0,1
1000283,-0.5837650775223809,0.8259664634459077,3,3
1000285,1.1594023827753286,1.1142813526862834,0,1
1000287,3.067254573965808,-0.42241288197257054,0,1
1000288,-1.181410750242719,0.0019525380059472969,3,3
1000289,-1.5025418418570082,-0.42819683204702913,3,3
1000290,-0.8296030865721625,-0.1910225773507524,3,3
1000291,-1.0623346452858635,0.3037113106462018,3,3
1000292,9.999144584631072,-1.350950278975909,4,0
1000293,3.1351737144001235,0.6117946066596102,0,1
1000295,-0.5416254584329093,0.7753640291494105,3,3
1000296,-0.6340162071674121,0.19720217186978717,3,3
1000297,-1.00888618188692,0.004981999787295012,3,3
1000298,2.5784097763687415,1.1351081302168275,0,1
1000299,2.30794611815744,0.5773941523662732,0,1
1000300,0.3595268519935089,1.1480186117833417,3,1
1000301,0.6120203802764533,1.0353464778135213,3,1
1000302,0.5152667150905859,1.1160314823990627,3,1
1000303,-1.225882381759424,0.5282753579607745,3,3
1000304,0.38045513277746695,0.6816279048824335,3,3
1000305,0.03827120182893854,1.3537856041561158,3,1
1000306,-1.1811033865855622,0.5320248609919849,3,3
1000307,-1.1532582000543294,0.5935392709312287,3,3
1000309,-0.6914026680033947,1.220656312112547,3,3
1000310,0.514613753435489,1.085963147087357,3,3
1000312,0.45368123745485794,0.2794411719276882,2,6
1000313,0.4871891996498919,1.0470039961203548,3,3
1000314,2.393053291172037,1.3020920639665612,0,1
1000315,0.3515590088404365,0.7102955367213186,3,3
1000316,0.7462184981676181,0.9640823918593941,3,1
1000317,-0.3184346286678754,0.8535015794498888,3,3
1000318,-0.9053099515999843,1.1600277694360785,3,1
1000319,-0.8039539178436995,0.8226601585177075,3,1
1000320,0.6469453181612418,1.2689028362487824,3,1
1000321,14.650180984512616,-4.1626750214101715,4,0
1000322,-0.6244539228517846,0.8028001158800114,3,3
1000323,1.9631463687549802,0.7773840153677513,0,1
1000324,0.05186244992972776,0.7470831823642435,3,3
1000325,-0.18641927658532512,-0.05850854993357474,3,3
1000326,-2.085782055847635,-1.086246248113894,1,3
1000327,-0.09095070827523256,0.6646843513121433,3,1
1000328,-1.0742356614321207,-0.09326308734177027,3,3
1000329,3.1262495789108136,0.5646103226275923,0,1
1000330,-0.6313424947994561,0.3541608446169228,3,3
1000331,2.0202021034194417,0.2163579235796876,2,6
1000332,1.4154731241397027,0.45928025069805845,0,1
1000333,1.3952034306631986,0.568029683713555,0,1
1000335,-0.3837796259230897,0.07394788828090476,3,3
1000336,0.8116744237063914,0.1350327443069489,2,6
1000337,0.18431184932936373,1.5573120378434988,3,1
1000338,-0.9971479834246414,0.3623641024763534,3,3
1000339,0.02178777253668749,1.780724307635859,3,1
1000340,2.180707381097374,1.0666654386023426,0,1
1000342,2.4094657685671184,-1.158050432020327,2,6
1000344,4.8203887618229855,-2.119228349412873,2,6
1000345,1.28605884306431,1.2418300286562542,0,1
1000346,0.23166189392497294,-0.08008419594655655,2,6
1000347,-1.690857130912601,-1.062394642654504,1,3
1000348,-3.0381572595194037,-3.130163857666626,1,5
1000349,-2.459615693092765,-2.253788519288937,1,5
1000350,-3.5504144187854787,-4.292141419733255,1,5
1000351,0.17380269082262895,0.6258773738999818,3,3
1000352,-0.18315364649526197,1.0726682045227238,3,1
1000353,-0.6462838283420494,1.3087766369322178,3,1
1000354,-3.0381572595194037,-3.130163857666626,1,5
1000355,-2.241626849261137,-1.401926202598543,1,3
1000356,-0.8023121995441783,0.8318746023929008,3,3
1000357,-2.241626849261137,-1.401926202598543,1,3
1000358,-0.4804945950799418,0.42422286209243076,3,1
1000359,1.740326976818843,-0.8594319131226102,2,6
1000361,4.746056159422273,-1.014114161793691,0,1
1000363,1.8742284697037246,-0.17506764275569137,2,6
1000365,0.08410374518426612,0.3053924643311356,2,6
1000366,0.7298170008720865,0.10820992190953374,3,3
1000367,-0.8682552905944955,-1.784937949802765,6,4
1000368,4.892649119700932,-0.23519681389030608,0,1
1000369,1.951681168738014,0.3145574425582513,2,6
1000371,1.6808035744114043,-0.2346266799735024,0,3
1000374,0.460928545281847,0.44802057586140764,2,6
1000375,0.5482206104399847,0.5976923732089391,3,1
1000376,2.1647998027116664,-0.4548403298641978,2,6
1000377,-0.29001358457121096,0.22447779294391745,3,3
1000378,-1.4810935336550626,-0.4022932556147229,3,3
1000380,1.576595220561969,1.6025845332025985,0,1
1000381,0.42579839706260514,0.3607904025000492,2,6
1000382,0.10051383654197978,0.26076535157637487,2,6
1000383,0.9247301406799002,0.19815367973116743,2,6
1000385,0.5858983811591496,0.27215124765138,2,6
1000386,-0.6994306309754706,0.3278733435244648,3,3
1000387,-0.5597489594527773,1.1054720216277003,3,1
1000388,-2.3260856915013015,-1.6511733735348346,1,5
1000389,-1.8692932219700904,-1.0424105046557461,1,3
1000390,1.3650302635587415,0.41974646398839477,3,1
1000392,-1.5754225316894404,-0.20973026937457903,3,3
1000393,-1.3240469248306597,-0.12156314933057841,3,3
1000395,-1.3911411550015016,-0.48249789437566437,3,3
1000396,2.394511424450245,0.7348806554924922,0,1
1000397,-0.9390389721266779,0.7295461570921855,3,3
1000398,-0.5890152610625868,0.6160645127373432,3,3
1000399,-1.2085139309410793,0.14166798839201267,3,3
1000400,0.09654710221951288,0.7195396160194416,3,1
1000401,0.7350384059787808,1.3397336129911266,3,1
1000402,-0.6388925623159765,0.36781911655065314,3,3
1000403,0.1899471721763863,0.921365248449829,3,1
1000404,-1.1261400229146494,0.6426456906406709,3,3
1000405,-0.9631981430645661,0.8941887733289119,3,3
1000406,0.5456536956624785,1.4750210132805948,3,1
1000407,0.9571488332773641,-0.1930818261220504,3,3
1000408,-0.32028304927691204,0.468153236002287,3,3
1000409,-0.6859377191944891,0.8552285386347588,3,3
1000410,-1.3729029387360359,0.009729827373741977,3,3
1000411,-2.6013173429306344,-2.856667376171909,1,5
1000412,-2.241626849261137,-1.401926202598543,1,3
1000413,2.862731257182914,0.179758465150998,5,2
1000414,-1.5436749641433898,-0.4508653742628699,3,3
1000415,-0.3589518476582866,1.1943356484003194,3,3
1000416,-1.8488642940246671,-0.6324312917841702,1,3
1000417,-0.7998628495672797,-1.4393717324992916,3,3
1000418,0.5569163830345285,1.3788376506800342,3,1
1000419,0.31662358210904257,-0.7834237901359556,2,6
1000420,-1.5345419970540064,-0.10356394475581607,3,3
1000421,-0.7191056686805772,0.8172726064561532,3,3
1000422,0.4898616955040572,0.6532340211668537,3,3
1000423,-0.10677137897857285,1.5196073324528687,3,1
1000424,-0.8493779341918078,0.6802437935985,3,3
1000425,-1.4088527270149929,-0.129458722258789,3,3
1000426,-0.7629729434600279,0.389571164093861,3,3
1000427,-1.0152695064267467,0.6253170132613229,3,1
1000428,-1.1332485566245922,0.5815829071329028,3,3
1000429,-0.9888492977230734,0.2755643665214985,3,3
1000430,-0.5542797738635636,0.9261259478411662,3,3
1000431,-0.08423589609982722,0.4428068648933799,3,3
1000432,-1.0094198006008563,0.06634167636628914,3,1
1000433,0.016634227935884763,0.6603549865852385,3,3
1000434,-1.7970082080721146,-1.7318540421738085,1,3
1000435,-1.4881902807257237,-0.26904796392455466,3,3
1000436,0.9784677016364818,0.7134690265758845,3,1
1000437,-0.6847743488350186,0.28204701705675506,3,3
1000438,-1.0439116541002127,-0.5542338656035919,3,3
1000439,-0.7560495688234218,0.7158235756540859,3,3
1000440,-1.7753772579945164,-0.4742793925214606,1,3
1000441,-1.3209648958782598,0.18608493976868637,3,3
1000442,-0.738561633091725,0.6510420127203098,3,3
1000443,-2.039030237975069,-1.2247408667074247,1,3
1000444,-0.02103999366274663,-0.8292256123975829,3,3
1000445,-1.1161917893903228,-1.2832882471152165,3,3
1000446,-0.01006064228806357,1.002326309760634,3,3
1000447,-1.6059167331203772,-1.9902917956882926,1,3
1000448,0.3227802793319157,0.9262856876024477,3,1
1000449,0.8465830937866028,0.8715467752767524,3,1
1000450,-0.3291082947776604,0.9575219207440759,3,3
1000451,-1.3911411550015016,-0.48249789437566437,3,3
1000452,-1.67329777323065,-0.3242942453125564,3,3
1000453,-0.5697461739999935,-0.9589189541083342,3,3
1000454,-0.5740464084474955,0.17936119460917646,3,3
1000455,0.5219245552478033,0.4918715678607302,3,3
1000456,-0.32379066528044104,-2.722623627485297,6,4
1000457,-0.6050180171916704,-3.915411608162412,6,4
1000458,-1.6729284636787838,-4.198091391346453,6,4
1000459,0.05362915602545056,-4.114324357804029,6,4
1000460,-1.5484690458323342,-4.092561743016054,6,4
1000461,1.4323515941395675,-4.71932341486921,6,4
1000462,-0.8728966645320124,-3.8821766709191476,6,4
1000463,0.6623241986267336,-4.365176935803768,6,4
1000472,1.937865303808946,1.2103570860917945,0,1
1000474,-0.4322709915769762,0.5870452172311367,3,3
1000475,-1.082421688662494,0.41008749878862144,3,3
1000477,1.0129275578517702,1.3159650237373495,3,1
1000478,-0.4559922137206106,-0.5009968146858187,3,3
1000479,-0.908130796823599,0.2557029690292405,3,3
1000480,-1.7753772579945164,-0.4742793925214606,1,3
1000481,-2.241626849261137,-1.401926202598543,1,3
1000482,-0.8429990446250775,0.25663488847054194,3,3
1000483,-1.496178717779778,-0.26408701779620186,3,3
1000485,-1.5345419970540064,-0.10356394475581607,3,3
1000486,-1.67329777323065,-0.3242942453125564,3,3
1000487,-0.7867611767500479,0.4511837446382913,3,3
1000488,-0.46757870592095147,1.3266892210006065,3,1
1000489,-1.2928341256682894,0.02885898668505102,3,3
1000490,-1.3604103190086483,-0.42887216302028713,3,3
1000491,-2.085782055847635,-1.086246248113894,1,3
1000492,0.054074483926012,0.15387905984329064,2,6
1000493,1.3417201822908666,1.7505706962669751,0,1
1000494,0.18853676482247206,1.562501410171628,3,1
1000495,0.7712464327666483,1.314493286079554,3,1
1000496,-0.8774819242372992,0.4493634761214494,3,3
1000497,-0.008808405695863997,0.8334031360875847,3,3
1000499,0.11246903118156004,1.1283246914933873,3,3
1000500,0.05533576266058699,1.1972160026827479,3,3
1000501,5.958486274754314,-1.03493801682621,0,0
1000502,-0.7490129769349504,0.3910175999602185,3,3
1000503,0.10370131434703604,0.428959742229938,3,3
1000504,2.0489668432515895,1.3709583668864023,0,2
1000505,0.7347847436667515,0.9748659213325507,3,1
1000506,1.492210119063196,0.5812273577342525,0,1
1000507,0.7602597707752262,0.45914643668837596,3,3
1000508,2.8218350201383755,0.035023455477603826,0,1
1000509,4.366301002159145,0.09481584055780967,0,1
1000510,1.2061228261079295,-0.15475321437881523,2,6
1000511,0.40155477066563794,0.10139757865789392,2,6
1000512,1.2722132084229067,0.9738740718945981,0,1
1000513,0.7661108100387042,1.054345442999152,3,1
1000514,1.4773391073620912,1.1948929223779685,0,1
1000515,0.11736858649020929,1.3474307052556427,3,1
1000516,-0.29841358405865775,1.4760410416614753,3,1
1000517,-1.5141549799899827,-0.04563293527070577,3,3
1000518,1.5288312205539976,0.9104308766988161,0,1
1000519,1.82343685214574,0.27644195393307774,0,1
1000520,0.3960301513812268,0.6020292213326308,3,3
1000521,0.32674969562767864,0.24618264206838134,3,3
1000522,0.573856346619607,0.2326523555858423,2,6
1000523,2.516914040696421,0.0046252282437039376,2,6
1000524,1.4068977723211078,1.040224014285216,0,1
1000525,-1.3743803544603506,-0.2126991812336167,3,3
1000526,2.6689993332552007,1.1546643913496664,0,1
1000527,1.418555719076876,0.8909615053300761,0,1
1000528,0.9199294834204537,0.9244131180617594,3,1
1000529,-0.13258522972450038,0.6155146730652844,2,6
1000530,-0.040830878709831514,0.44454928132128435,2,6
1000531,-1.930629366569474,-0.985030765026541,1,3
1000532,-1.800274781843809,-0.9040033925649947,1,3
1000533,-0.23773793321875464,0.979749859009343,3,3
1000534,0.2696588120734102,0.3554761214030719,2,6
1000535,-1.0855216567614245,0.20725645147681523,3,3
1000536,-0.4409843328979695,1.065617244800387,3,3
1000537,-1.0599869351940971,-0.2457456104966427,3,3
1000538,0.23033045387162687,-0.14022931327032964,2,6
1000539,2.396328774049189,-0.22592631662891538,0,6
1000540,-0.09070266505371213,1.3203619273522744,3,1
1000541,14.168523476710034,-4.683125614158835,4,0
1000542,1.2643797990682106,0.2941557586603378,3,1
1000543,1.3031070606278627,0.4330532584634336,3,1
1000544,0.670040743349982,0.005027692929954592,2,6
1000545,1.8463702177576948,0.9467486105037889,0,1
1000546,1.2242501897236586,2.0892990563060696,0,1
1000547,2.6877853283456092,0.2700287746866039,0,1
1000548,-0.7367271601169426,0.7796137910612898,3,3
1000549,0.19617281210887336,0.8420968548288221,3,1
1000550,-2.241626849261137,-1.401926202598543,1,3
1000551,-0.9426610542814743,-0.05140018912971045,3,3
1000552,0.1887893785414613,1.381101797196005,3,1
1000553,-0.08162419046935834,0.21982674709501557,3,3
1000554,0.35292571714220716,1.3608270078461824,3,1
1000555,0.09481110920359764,0.46597762105934387,2,6
1000556,-0.78328424938785,0.5928510242831717,3,3
1000558,-1.4746543790623512,-0.01573334615862245,3,3
1000559,-0.920137474658273,0.6644163638929295,3,3
1000560,-1.2823739375695922,0.2634738901362123,3,3
1000561,-1.2628662949982123,0.16325699656366036,3,3
1000562,-0.8189863850929984,0.8864941131841877,3,3
1000563,0.34105437454400284,-0.07239936209305549,2,6
1000564,1.2035419598448434,0.8904432488577625,3,1
1000565,3.5448050343194204,0.21996860366168422,0,1
1000566,-0.7590165354462886,1.040650630353095,3,3
1000567,2.4486825143211464,-0.4282869397630822,0,3
1000569,-0.9050340708518727,0.6525755270872974,3,3
1000570,0.9159937036546333,1.0533068797260239,3,1
1000571,0.05763111106253556,-0.2102817243516547,3,3
1000572,-1.733059161698301,-0.589176010690377,3,3
1000573,-0.5053235999696242,1.3439930946233403,3,1
1000574,0.7342763987742132,1.2242188766417945,3,1
1000575,0.22969747906936144,0.880223699720418,3,1
1000576,0.6892646107507217,1.1326922589854482,3,1
1000577,-0.5817983083922942,-0.31762486327077843,3,3
1000578,-1.7807114546076706,-2.493357521317091,1,3
1000579,-2.041195111515098,-2.5221611183194437,1,3
1000580,-0.8214456282643726,0.7085881344117222,3,3
1000581,-0.797409920574072,0.34559748754782255,3,3
1000582,-0.78328424938785,0.5928510242831717,3,3
1000583,-0.40405734532435167,0.9186993807045255,3,3
1000584,-0.10794449924325134,0.46839457508556365,3,3
1000585,-0.5008593072447167,0.8963647374436505,3,1
1000586,2.07252234516107,0.9958016076133032,0,1
1000587,-0.5087805766051722,0.7617185087814087,3,3
1000588,2.3896629614195506,-0.6116125924878785,2,6
1000589,-0.37740740967541836,0.46504454052573085,3,3
1000590,0.3511738899451031,1.067492741323325,3,1
1000591,0.4473925001636283,1.1624467778092604,3,1
1000592,-0.21894399799912873,0.9540546575101623,3,1
1000593,0.626967211446895,-0.3449457419622102,2,6
1000595,-1.1920852296178985,0.6323025452522237,3,1
1000597,0.7193758546227305,1.0273108251808933,3,1
1000598,1.8023719463211112,1.3773608818305638,0,1
1000599,-0.18974218340086418,1.4533724215156465,3,1
1000600,-1.2651384756839592,0.09047114579879692,3,3
1000601,-0.38380454739789105,1.4011527754790094,3,1
1000602,-1.2285343091553893,-0.1805401035414503,3,3
1000603,5.003302562488946,0.7357013199451043,0,1
1000604,3.334115825251689,-0.7650465853232532,2,6
1000605,2.7672477833663867,-0.19511692141349918,2,6
1000606,-0.7626059777308889,1.128870945672943,3,1
1000607,1.7495200556726482,0.6876617408832201,0,1
1000608,0.3998799808776185,0.8002938902572364,3,1
1000609,1.363332501041608,1.4452524721403524,0,1
1000610,1.870951141053739,1.2406874366336669,0,1
1000611,4.385887498130881,-0.32395791813289904,0,1
1000612,3.624039132179482,0.3330789396672452,0,1
1000613,0.31882071105368004,2.017053165413371,3,1
1000614,3.540533808232637,0.12546090545965427,0,1
1000615,0.5496793850786192,-0.17161815525732868,3,3
1000616,1.136823348352051,-0.2229704586759235,3,3
1000617,0.6953687139457574,0.056547486153421596,3,3
1000618,1.1480982488048093,0.7182023145855908,3,1
1000619,0.9699566369725289,0.8783105563231026,3,1
1000620,-1.3720285332014137,0.40098765430193967,3,3
1000621,-0.9229891178774231,1.1130705126620324,3,1
1000622,2.606508178129992,0.9788503042184039,0,1
1000623,4.384712231330766,0.14746057713923336,0,1
1000624,2.268826852600072,1.4053038931000397,0,1
1000625,-0.7305149616031362,0.6094072658495854,3,3
1000626,-3.0381572595194037,-3.130163857666626,1,5
1000627,-2.085782055847635,-1.086246248113894,1,3
1000628,-0.5803824225093354,1.18289659267955,3,1
1000629,2.0440613608086493,0.7422405483117637,0,1
1000630,-1.4035051626797268,0.05680212614068725,3,3
1000631,-2.2381594387479016,-1.6538134878283113,1,3
1000632,-2.436637836724372,-1.8106058941801138,1,5
1000633,0.5714546754278665,1.4215338797727701,3,1
1000634,3.74368829999003,0.37745649393517944,0,1
1000635,1.148404216834799,1.4210479392126203,0,1
1000636,-0.8257576048189667,0.1602705946450882,3,3
1000637,0.3309230936226449,1.1653748580121275,3,1
1000638,-0.3490454150268232,1.2740305101455662,3,3
1000639,-1.77598002575338,-1.039789442955407,1,3
1000640,-1.930629366569474,-0.985030765026541,1,3
1000641,-2.6903981152622074,-2.358785191407064,1,5
1000642,-1.2794024389685132,-0.7758218742034366,3,3
1000643,-2.2763369126042896,-1.4404354086433777,1,3
1000644,-2.8508487995834404,-2.778088331309846,1,5
1000645,-1.5373187397372847,-0.5672274697628594,3,3
1000646,-0.7562794441516748,0.6993233166029037,3,1
1000647,0.28264591493425584,1.2983115924936595,3,1
1000648,2.8478153747330603,0.010991177321358637,2,6
1000649,-0.797409920574072,0.34559748754782255,3,3
1000650,2.1943747211826157,0.49670921738768453,0,1
1000651,-1.1439510484742212,0.29638383986549965,3,3
1000652,-1.4989096881213773,-0.3027168186617538,3,3
1000653,-2.436637836724372,-1.8106058941801138,1,5
1000654,-0.024424803690081483,0.571379494184991,3,3
1000655,-0.8439265583462942,0.08225300025136845,3,3
1000656,-0.6824539193954902,0.1867300257106126,3,3
1000657,-2.0263948742932527,-1.4181677046237904,1,3
1000658,2.8073852312392553,0.40156146227290584,0,1
1000659,-0.08001903974754444,0.4612220500745447,3,3
1000660,-3.0381572595194037,-3.130163857666626,1,5
1000661,-2.645857729096421,-2.6077262837894866,1,5
