khipu_id,num_nodes,num_edges,avg_degree,max_degree,density,depth,width,avg_branching,num_roots,num_leaves,has_numeric,has_color,avg_numeric_value,std_numeric_value
1000000,19,18,1.894736842105263,13,0.05263157894736842,2,13,3.0,1,13,0.5263157894736842,0.9473684210526315,34.8,34.17250356646407
1000001,7,6,1.7142857142857142,6,0.14285714285714285,1,6,6.0,1,6,0.8571428571428571,0.8571428571428571,96.33333333333333,64.05900058192881
1000002,31,30,1.935483870967742,24,0.03225806451612903,2,24,4.285714285714286,1,24,0.9032258064516129,0.9032258064516129,948.75,1382.3656128173907
1000003,39,38,1.9487179487179487,31,0.02564102564102564,2,31,4.75,1,31,0.8205128205128205,0.8461538461538461,726.15625,1777.9605962551414
1000004,177,176,1.9887005649717515,159,0.005649717514124294,2,159,10.352941176470589,1,160,0.8926553672316384,0.9774011299435028,34.74050632911393,31.60559563895289
1000005,63,62,1.9682539682539681,49,0.015873015873015872,2,49,4.428571428571429,1,49,0.6349206349206349,0.9365079365079365,68.825,41.49270267167469
1000006,81,80,1.9753086419753085,45,0.012345679012345678,3,45,2.4242424242424243,1,48,0.4691358024691358,0.9876543209876543,3.3684210526315788,3.335779342629647
1000007,344,343,1.994186046511628,176,0.0029069767441860465,3,176,3.2358490566037736,1,238,0.8313953488372093,0.997093023255814,792.1398601398602,2318.451896680705
1000008,60,59,1.9666666666666666,24,0.016666666666666666,3,31,4.538461538461538,1,47,0.8666666666666667,0.95,18.01923076923077,22.188432870629637
1000009,127,126,1.984251968503937,50,0.007874015748031496,3,54,2.423076923076923,1,75,0.7716535433070866,0.968503937007874,32.61224489795919,44.82770477471043
1000010,89,88,1.9775280898876404,65,0.011235955056179775,3,65,8.8,1,79,0.8539325842696629,0.9550561797752809,371.42105263157896,519.2087163518484
1000011,45,44,1.9555555555555555,23,0.022222222222222223,2,23,2.933333333333333,1,30,0.7111111111111111,0.8888888888888888,38.125,45.28089414974046
1000012,117,116,1.982905982905983,72,0.008547008547008548,3,72,3.135135135135135,1,80,0.9316239316239316,0.9572649572649573,364.92660550458714,1203.76593861939
1000013,31,30,1.935483870967742,30,0.03225806451612903,1,30,30.0,1,30,0.25806451612903225,0.7741935483870968,7.0,7.035623639735144
1000014,38,37,1.9473684210526316,37,0.02631578947368421,1,37,37.0,1,37,0.3157894736842105,0.9736842105263158,18.5,22.5
1000015,33,32,1.9393939393939394,30,0.030303030303030304,2,30,10.666666666666666,1,30,0.6666666666666666,0.9393939393939394,52.72727272727273,46.090998744757705
1000017,40,39,1.95,30,0.025,2,30,3.9,1,30,0.825,0.975,27.272727272727273,21.4649435511229
1000018,443,442,1.9954853273137698,222,0.002257336343115124,3,222,2.6467065868263475,1,276,0.7404063205417607,0.9932279909706546,19.850609756097562,25.916004088610585
1000019,165,164,1.9878787878787878,149,0.006060606060606061,2,149,13.666666666666666,1,153,0.6060606060606061,0.9575757575757575,11.51,16.32574347464764
1000020,771,769,1.9948119325551232,281,0.0012953324237370929,5,400,3.6445497630331753,2,560,0.6134889753566797,0.9753566796368353,4.879492600422833,8.910422322100704
1000021,123,122,1.983739837398374,97,0.008130081300813009,2,95,4.88,1,98,0.8373983739837398,0.8943089430894309,28.475728155339805,36.57890650591976
1000022,163,162,1.9877300613496933,136,0.006134969325153374,2,136,8.1,1,143,0.8404907975460123,0.9815950920245399,10.248175182481752,18.340168121994786
1000023,573,572,1.9965095986038395,407,0.0017452006980802793,3,406,7.15,1,493,0.5549738219895288,0.9650959860383944,301.4496855345912,1005.1464781000866
1000024,574,573,1.9965156794425087,482,0.0017421602787456446,3,472,6.741176470588235,1,489,0.7386759581881533,0.9442508710801394,43.028301886792455,128.48474379350432
1000025,875,874,1.9977142857142858,571,0.001142857142857143,3,570,8.323809523809524,1,770,0.6297142857142857,0.9645714285714285,13.421052631578947,28.872342966334607
1000026,19,18,1.894736842105263,10,0.05263157894736842,2,10,2.0,1,10,0.8947368421052632,0.9473684210526315,41.294117647058826,17.989424036434013
1000027,21,20,1.9047619047619047,12,0.047619047619047616,2,12,2.2222222222222223,1,12,0.42857142857142855,0.9047619047619048,4.444444444444445,5.230489909306587
1000028,22,21,1.9090909090909092,10,0.045454545454545456,2,11,3.0,1,15,0.6363636363636364,0.8636363636363636,4.357142857142857,5.231868593494282
1000029,254,253,1.9921259842519685,211,0.003937007874015748,3,201,7.4411764705882355,1,220,0.6377952755905512,0.9803149606299213,32.82716049382716,37.58834535799653
1000030,29,28,1.9310344827586208,17,0.034482758620689655,2,17,2.5454545454545454,1,18,0.7931034482758621,0.9655172413793104,36.04347826086956,32.90497287760035
1000031,15,14,1.8666666666666667,14,0.06666666666666667,1,14,14.0,1,14,0.8,0.9333333333333333,43.166666666666664,34.6333974975344
1000032,144,143,1.9861111111111112,56,0.006944444444444444,2,87,3.25,1,100,0.9097222222222222,0.9930555555555556,439.0763358778626,840.8645643305939
1000033,69,68,1.9710144927536233,50,0.014492753623188406,2,50,3.5789473684210527,1,50,0.6666666666666666,0.9855072463768116,20.869565217391305,20.516810388230827
1000034,101,100,1.9801980198019802,68,0.009900990099009901,2,65,3.125,1,69,0.9702970297029703,0.9801980198019802,26.040816326530614,27.456057049790786
1000035,37,36,1.945945945945946,18,0.02702702702702703,2,18,1.894736842105263,1,18,0.7837837837837838,0.9459459459459459,34.275862068965516,24.452482493990384
1000036,21,20,1.9047619047619047,20,0.047619047619047616,1,20,20.0,1,20,0.9523809523809523,0.9523809523809523,18.3,11.144954015158609
1000037,38,37,1.9473684210526316,28,0.02631578947368421,2,27,6.166666666666667,1,32,0.9210526315789473,0.9473684210526315,13.82857142857143,22.140442264631243
1000038,6,5,1.6666666666666667,3,0.16666666666666666,2,3,1.6666666666666667,1,3,0.6666666666666666,0.8333333333333334,6.75,6.2599920127744575
1000039,65,64,1.9692307692307693,64,0.015384615384615385,1,64,64.0,1,64,0.7230769230769231,0.9846153846153847,11.595744680851064,11.739476182572846
1000040,102,101,1.9803921568627452,80,0.00980392156862745,2,80,7.769230769230769,1,89,0.5588235294117647,0.9901960784313726,31.68421052631579,39.70556454649246
1000041,49,48,1.9591836734693877,48,0.02040816326530612,1,48,48.0,1,48,0.9795918367346939,0.9795918367346939,334.1458333333333,211.8260872334635
1000042,74,73,1.972972972972973,66,0.013513513513513514,2,66,9.125,1,66,0.9324324324324325,0.9864864864864865,38.82608695652174,60.31005793055286
1000043,22,21,1.9090909090909092,9,0.045454545454545456,2,12,2.1,1,12,0.9545454545454546,0.9545454545454546,100.0,63.01927142889365
1000044,29,28,1.9310344827586208,16,0.034482758620689655,2,16,2.1538461538461537,1,16,0.9655172413793104,0.9655172413793104,47.857142857142854,23.506403817006195
1000045,315,314,1.9936507936507937,266,0.0031746031746031746,2,266,8.486486486486486,1,278,0.6571428571428571,0.9968253968253968,50.38647342995169,65.60256129844291
1000046,21,20,1.9047619047619047,18,0.047619047619047616,2,18,10.0,1,19,0.9523809523809523,0.9523809523809523,36.35,17.4507163176759
1000047,72,71,1.9722222222222223,43,0.013888888888888888,2,43,2.4482758620689653,1,43,0.9444444444444444,0.9861111111111112,296.5735294117647,563.0081316980524
1000048,22,21,1.9090909090909092,21,0.045454545454545456,1,21,21.0,1,21,0.9545454545454546,0.9545454545454546,9828.142857142857,12487.854470056342
1000049,23,22,1.9130434782608696,12,0.043478260869565216,2,12,2.2,1,13,0.8695652173913043,0.9565217391304348,33.2,26.796641580616033
1000050,55,54,1.9636363636363636,49,0.01818181818181818,2,49,9.0,1,49,0.7818181818181819,0.9818181818181818,250.62790697674419,508.70359731269355
1000051,30,29,1.9333333333333333,29,0.03333333333333333,1,29,29.0,1,29,0.8666666666666667,0.9666666666666667,109.84615384615384,151.8505571803289
1000052,43,42,1.9534883720930232,34,0.023255813953488372,3,34,5.25,1,35,0.7209302325581395,0.9767441860465116,9.741935483870968,11.872896056566452
1000053,288,287,1.9930555555555556,287,0.003472222222222222,1,287,287.0,1,287,0.7881944444444444,0.9965277777777778,125.69162995594714,58.493360220235736
1000054,21,20,1.9047619047619047,20,0.047619047619047616,1,20,20.0,1,20,0.9047619047619048,0.9523809523809523,48.0,44.82363098564018
1000055,12,11,1.8333333333333333,7,0.08333333333333333,2,7,2.2,1,7,0.9166666666666666,0.9166666666666666,100.45454545454545,189.71814675094095
1000056,43,42,1.9534883720930232,42,0.023255813953488372,1,42,42.0,1,42,0.023255813953488372,0.9534883720930233,10.0,0.0
1000057,164,163,1.9878048780487805,163,0.006097560975609756,1,163,163.0,1,163,0.676829268292683,0.9939024390243902,82.98198198198199,60.91937989279107
1000058,54,53,1.962962962962963,35,0.018518518518518517,2,35,3.1176470588235294,1,37,0.9629629629629629,0.9814814814814815,32.51923076923077,28.931942943487343
1000059,16,15,1.875,13,0.0625,2,13,5.0,1,13,0.9375,0.9375,46.0,29.241522988152767
1000060,28,27,1.9285714285714286,13,0.03571428571428571,3,13,1.9285714285714286,1,14,0.9285714285714286,0.9642857142857143,21.192307692307693,25.043069409395226
1000061,8,7,1.75,4,0.125,3,3,2.3333333333333335,1,5,0.625,0.875,56.0,38.53310265213535
1000062,8,7,1.75,4,0.125,3,3,2.3333333333333335,1,5,0.75,0.875,49.333333333333336,38.20413008505174
1000063,358,357,1.994413407821229,339,0.002793296089385475,2,339,18.789473684210527,1,339,0.4888268156424581,0.9972067039106145,63.48,85.62421820289597
1000064,24,23,1.9166666666666667,23,0.041666666666666664,1,23,23.0,1,23,0.7916666666666666,0.9583333333333334,22.157894736842106,13.46442938730646
1000065,102,101,1.9803921568627452,101,0.00980392156862745,1,101,101.0,1,101,0.0,0.9901960784313726,0.0,0.0
1000066,8,7,1.75,7,0.125,1,7,7.0,1,7,0.75,0.875,49.0,27.184554438136374
1000067,14,13,1.8571428571428572,10,0.07142857142857142,2,10,6.5,1,12,0.9285714285714286,0.9285714285714286,56.38461538461539,37.71255343238551
1000068,9,8,1.7777777777777777,8,0.1111111111111111,1,8,8.0,1,8,0.7777777777777778,0.8888888888888888,8.571428571428571,8.295560651975986
1000069,7,6,1.7142857142857142,5,0.14285714285714285,2,5,3.0,1,5,0.8571428571428571,0.8571428571428571,54.833333333333336,30.33379120533549
1000070,12,11,1.8333333333333333,9,0.08333333333333333,2,9,3.6666666666666665,1,9,0.9166666666666666,0.9166666666666666,1209.8181818181818,1489.876981998045
1000071,56,55,1.9642857142857142,55,0.017857142857142856,1,48,55.0,1,55,0.75,0.9821428571428571,315.1666666666667,136.01766633623572
1000072,14,13,1.8571428571428572,13,0.07142857142857142,1,13,13.0,1,13,0.8571428571428571,0.9285714285714286,64.5,44.900816622120956
1000073,12,11,1.8333333333333333,11,0.08333333333333333,1,11,11.0,1,11,0.9166666666666666,0.9166666666666666,450.09090909090907,1203.4383660272952
1000074,21,20,1.9047619047619047,15,0.047619047619047616,2,15,10.0,1,19,0.7619047619047619,0.9523809523809523,3528.875,5049.06404538257
1000075,12,11,1.8333333333333333,7,0.08333333333333333,2,7,2.2,1,7,0.75,0.9166666666666666,11785.888888888889,14682.428019343732
1000076,37,36,1.945945945945946,32,0.02702702702702703,2,32,7.2,1,32,0.972972972972973,0.972972972972973,8147.611111111111,10718.16435951858
1000077,282,281,1.9929078014184398,280,0.0035460992907801418,2,280,140.5,1,280,0.07446808510638298,0.9964539007092199,19.61904761904762,21.920801580921115
1000078,10,9,1.8,8,0.1,2,8,4.5,1,8,0.9,0.9,107.88888888888889,129.95079790652773
1000079,95,94,1.9789473684210526,70,0.010526315789473684,2,70,4.086956521739131,1,72,0.7368421052631579,0.9894736842105263,239.9857142857143,374.4844262585616
1000080,36,35,1.9444444444444444,35,0.027777777777777776,1,35,35.0,1,35,0.8333333333333334,0.9444444444444444,57.333333333333336,73.72260319754196
1000081,29,28,1.9310344827586208,23,0.034482758620689655,2,23,5.6,1,24,0.9655172413793104,0.9655172413793104,728.25,1013.127852071424
1000082,17,16,1.8823529411764706,16,0.058823529411764705,1,16,16.0,1,16,0.8823529411764706,0.9411764705882353,3233.3333333333335,1564.8911641246991
1000083,158,157,1.9873417721518987,104,0.006329113924050633,3,104,3.738095238095238,1,116,0.8607594936708861,0.9810126582278481,27.044117647058822,33.71242301285868
1000084,7,6,1.7142857142857142,6,0.14285714285714285,1,6,6.0,1,6,0.7142857142857143,0.8571428571428571,83.6,63.32013897647414
1000085,290,289,1.993103448275862,269,0.0034482758620689655,2,269,13.761904761904763,1,269,0.4827586206896552,0.996551724137931,94.57857142857142,340.3304081090514
1000086,15,14,1.8666666666666667,14,0.06666666666666667,1,14,14.0,1,14,0.9333333333333333,0.9333333333333333,1939.642857142857,1032.1513321451364
1000087,29,28,1.9310344827586208,16,0.034482758620689655,2,16,2.1538461538461537,1,16,0.896551724137931,0.9655172413793104,14.076923076923077,18.84332788859653
1000088,196,195,1.989795918367347,195,0.00510204081632653,1,195,195.0,1,195,0.0,0.0,0.0,0.0
1000089,288,287,1.9930555555555556,146,0.003472222222222222,2,146,2.0211267605633805,1,146,0.7118055555555556,0.9861111111111112,70.22926829268293,64.96528995905894
1000090,16,15,1.875,11,0.0625,2,11,5.0,1,13,0.625,0.9375,38.4,37.13812057711052
1000091,50,49,1.96,47,0.02,2,47,16.333333333333332,1,47,0.74,0.98,74.89189189189189,82.83091986456468
1000092,14,13,1.8571428571428572,13,0.07142857142857142,1,13,13.0,1,13,0.5714285714285714,0.9285714285714286,53.125,25.39408149549812
1000093,24,23,1.9166666666666667,22,0.041666666666666664,2,22,11.5,1,22,0.875,0.9583333333333334,112.38095238095238,148.79787382968826
1000094,286,285,1.993006993006993,181,0.0034965034965034965,3,181,3.313953488372093,1,200,0.9020979020979021,0.9965034965034965,38.201550387596896,36.98792592540118
1000096,1832,1831,1.9989082969432315,1650,0.0005458515283842794,3,1650,13.268115942028986,1,1694,0.2177947598253275,0.9978165938864629,43.54887218045113,75.33352402540598
1000097,88,87,1.9772727272727273,54,0.011363636363636364,3,54,3.9545454545454546,1,66,0.8068181818181818,0.9886363636363636,68.49295774647888,98.49513797100742
1000098,50,49,1.96,33,0.02,2,33,4.454545454545454,1,39,0.46,0.98,19.434782608695652,20.131796366761236
1000099,44,43,1.9545454545454546,43,0.022727272727272728,1,43,43.0,1,43,0.8181818181818182,0.9772727272727273,20.13888888888889,17.8047321702496
1000100,26,25,1.9230769230769231,25,0.038461538461538464,1,25,25.0,1,25,0.8076923076923077,0.9615384615384616,67.80952380952381,95.89211152203394
1000101,29,28,1.9310344827586208,22,0.034482758620689655,2,22,7.0,1,25,0.896551724137931,0.9655172413793104,66.23076923076923,56.776422308714686
1000103,542,541,1.996309963099631,415,0.0018450184501845018,2,415,4.7043478260869565,1,427,0.43911439114391143,0.996309963099631,2.5588235294117645,3.714991472551052
1000105,13,12,1.8461538461538463,12,0.07692307692307693,1,12,12.0,1,12,0.3076923076923077,0.9230769230769231,29.25,6.609652033201143
1000106,19,18,1.894736842105263,18,0.05263157894736842,1,18,18.0,1,18,0.9473684210526315,0.9473684210526315,23.5,20.750502001959696
1000107,16,15,1.875,15,0.0625,1,15,15.0,1,15,0.875,0.9375,3.142857142857143,3.2261685116103473
1000108,26,25,1.9230769230769231,25,0.038461538461538464,1,25,25.0,1,25,0.8846153846153846,0.9615384615384616,17.565217391304348,19.539983727812462
1000109,11,10,1.8181818181818181,4,0.09090909090909091,3,4,2.5,1,7,0.7272727272727273,0.9090909090909091,24.125,26.188917026100945
1000110,22,21,1.9090909090909092,21,0.045454545454545456,1,21,21.0,1,21,0.8636363636363636,0.9545454545454546,25.789473684210527,18.591392879412666
1000111,12,11,1.8333333333333333,9,0.08333333333333333,2,9,5.5,1,10,0.4166666666666667,0.9166666666666666,37.4,25.726251184344758
1000112,5,4,1.6,4,0.2,1,4,4.0,1,4,0.8,0.8,60.5,17.342145196024624
1000113,36,35,1.9444444444444444,35,0.027777777777777776,1,35,35.0,1,35,0.9722222222222222,0.9444444444444444,127.82857142857142,113.0720341108233
1000114,15,14,1.8666666666666667,13,0.06666666666666667,2,13,7.0,1,13,0.7333333333333333,0.9333333333333333,374.09090909090907,1083.7113381628938
1000115,191,190,1.9895287958115184,180,0.005235602094240838,2,180,17.272727272727273,1,180,0.9738219895287958,0.9895287958115183,41.67204301075269,32.19922815341339
1000116,21,20,1.9047619047619047,20,0.047619047619047616,1,20,20.0,1,20,0.9523809523809523,0.9523809523809523,24.7,3.2878564445547194
1000117,19,18,1.894736842105263,12,0.05263157894736842,2,12,2.5714285714285716,1,12,0.7894736842105263,0.9473684210526315,28.066666666666666,16.52661153681809
1000118,31,30,1.935483870967742,30,0.03225806451612903,1,30,30.0,1,30,0.967741935483871,0.967741935483871,12096.733333333334,19336.417153363465
1000119,63,62,1.9682539682539681,62,0.015873015873015872,1,62,62.0,1,62,0.8888888888888888,0.9841269841269841,158.28571428571428,172.5893882565655
1000120,91,90,1.978021978021978,88,0.01098901098901099,2,88,30.0,1,88,0.8241758241758241,0.989010989010989,273.94666666666666,436.54470235653474
1000121,124,123,1.9838709677419355,110,0.008064516129032258,2,110,8.785714285714286,1,110,0.8548387096774194,0.9919354838709677,23.67924528301887,23.278683734514164
1000122,19,18,1.894736842105263,18,0.05263157894736842,1,18,18.0,1,18,0.9473684210526315,0.9473684210526315,76.22222222222223,96.82375486507864
1000123,21,20,1.9047619047619047,20,0.047619047619047616,1,20,20.0,1,20,0.9523809523809523,0.9523809523809523,636.5,524.8556468211045
1000124,113,112,1.9823008849557522,112,0.008849557522123894,1,112,112.0,1,112,0.9380530973451328,0.9911504424778761,1530.2264150943397,3123.8677534730937
1000125,42,41,1.9523809523809523,27,0.023809523809523808,3,27,3.1538461538461537,1,29,0.8809523809523809,0.9761904761904762,74.0,89.05843814824851
1000126,48,47,1.9583333333333333,23,0.020833333333333332,3,23,2.473684210526316,1,29,0.875,0.9791666666666666,17.523809523809526,16.73496211277754
1000127,119,118,1.9831932773109244,80,0.008403361344537815,2,80,4.916666666666667,1,95,0.8907563025210085,0.9915966386554622,135.9245283018868,201.75385236850428
1000128,41,40,1.951219512195122,21,0.024390243902439025,2,21,2.5,1,25,0.9512195121951219,0.975609756097561,21.666666666666668,16.905974263909364
1000129,4,3,1.5,3,0.25,1,3,3.0,1,3,0.75,0.75,50.666666666666664,18.408935028645434
1000130,10,9,1.8,6,0.1,2,6,2.25,1,6,0.8,0.9,23.25,21.947380253688593
1000131,66,65,1.9696969696969697,65,0.015151515151515152,1,65,65.0,1,65,0.9242424242424242,0.9848484848484849,62.91803278688525,82.65279840788614
1000132,35,34,1.9428571428571428,18,0.02857142857142857,2,18,2.0,1,18,0.7714285714285715,0.9714285714285714,9.777777777777779,12.157403881413272
1000133,19,18,1.894736842105263,18,0.05263157894736842,1,18,18.0,1,18,0.631578947368421,0.9473684210526315,25.25,29.180829894527218
1000134,9,8,1.7777777777777777,8,0.1111111111111111,1,8,8.0,1,8,0.8888888888888888,0.8888888888888888,53.5,5.678908345800274
1000135,17,16,1.8823529411764706,16,0.058823529411764705,1,16,16.0,1,16,0.8823529411764706,0.8823529411764706,30.866666666666667,25.824708237568835
1000136,6,5,1.6666666666666667,5,0.16666666666666666,1,5,5.0,1,5,0.6666666666666666,0.8333333333333334,132.25,83.56546834668013
1000137,28,27,1.9285714285714286,26,0.03571428571428571,2,26,13.5,1,26,0.8214285714285714,0.9642857142857143,33.65217391304348,31.951877805132238
1000138,34,33,1.9411764705882353,22,0.029411764705882353,2,22,3.0,1,23,0.9705882352941176,0.9705882352941176,50.06060606060606,29.993877550956654
1000139,22,21,1.9090909090909092,19,0.045454545454545456,2,19,7.0,1,19,0.6818181818181818,0.9545454545454546,45.4,45.46177881840231
1000140,363,362,1.9944903581267217,222,0.0027548209366391185,3,222,4.022222222222222,1,273,0.5674931129476584,0.9972451790633609,33.39320388349515,24.579685203162935
1000141,10,9,1.8,9,0.1,1,9,9.0,1,9,0.8,0.9,191.625,57.29515140917249
1000142,19,18,1.894736842105263,18,0.05263157894736842,1,18,18.0,1,18,0.8947368421052632,0.9473684210526315,47.35294117647059,28.911510381264268
1000143,31,30,1.935483870967742,30,0.03225806451612903,1,30,30.0,1,30,0.9354838709677419,0.967741935483871,10.275862068965518,8.119353429855488
1000144,126,125,1.9841269841269842,101,0.007936507936507936,3,101,5.0,1,101,0.6428571428571429,0.9920634920634921,442.0,1503.6581401599021
1000145,25,24,1.92,23,0.04,2,23,12.0,1,23,0.96,0.96,32.708333333333336,19.971811732761974
1000146,60,59,1.9666666666666666,32,0.016666666666666666,4,32,2.269230769230769,1,34,0.95,0.9833333333333333,1308.5964912280701,3533.9548337528645
1000147,339,338,1.9941002949852507,224,0.0029498525073746312,4,224,3.1296296296296298,1,231,0.7905604719764012,0.9970501474926253,58.86940298507463,59.30060119955486
1000148,304,303,1.993421052631579,219,0.003289473684210526,3,219,5.9411764705882355,1,253,0.5526315789473685,0.9967105263157895,57.63095238095238,85.82079609249796
1000149,16,15,1.875,15,0.0625,1,15,15.0,1,15,0.9375,0.9375,43.733333333333334,14.753380027038625
1000150,31,30,1.935483870967742,29,0.03225806451612903,2,29,15.0,1,29,0.9032258064516129,0.967741935483871,39.785714285714285,63.81578238674703
1000151,29,28,1.9310344827586208,27,0.034482758620689655,2,27,14.0,1,27,0.7586206896551724,0.9655172413793104,1076.0,1246.1060074560999
1000152,36,35,1.9444444444444444,27,0.027777777777777776,2,27,5.0,1,29,0.8611111111111112,0.9722222222222222,766.741935483871,1170.1211673608555
1000154,6,5,1.6666666666666667,5,0.16666666666666666,1,5,5.0,1,5,0.8333333333333334,0.8333333333333334,8.4,6.248199740725324
1000155,2,1,1.0,1,0.5,1,1,1.0,1,1,0.5,0.5,220.0,0.0
1000156,8,7,1.75,4,0.125,2,4,1.75,1,4,0.625,0.875,67.0,37.889312477267254
1000157,10,9,1.8,9,0.1,1,9,9.0,1,9,0.9,0.9,33.888888888888886,21.69200797244329
1000158,31,30,1.935483870967742,23,0.03225806451612903,3,23,4.285714285714286,1,24,0.9032258064516129,0.967741935483871,42.142857142857146,48.38293256165139
1000159,65,64,1.9692307692307693,32,0.015384615384615385,2,32,2.909090909090909,1,43,0.7846153846153846,0.9846153846153847,12.294117647058824,19.85663727395191
1000160,4,3,1.5,3,0.25,1,3,3.0,1,3,0.75,0.0,117.33333333333333,11.785113019775793
1000161,13,12,1.8461538461538463,12,0.07692307692307693,1,12,12.0,1,12,0.8461538461538461,0.9230769230769231,81.0,35.48623292592111
1000162,36,35,1.9444444444444444,23,0.027777777777777776,2,23,2.6923076923076925,1,23,0.7777777777777778,0.8888888888888888,33.857142857142854,31.698033158580188
1000163,20,19,1.9,19,0.05,1,19,19.0,1,19,0.95,0.95,14.210526315789474,5.13582820019703
1000164,87,86,1.9770114942528736,85,0.011494252873563218,2,73,43.0,1,85,0.9080459770114943,0.9885057471264368,130.1139240506329,160.67539313167885
1000165,65,64,1.9692307692307693,37,0.015384615384615385,2,37,2.2857142857142856,1,37,0.9846153846153847,0.9846153846153847,51.921875,103.93527202775954
1000166,29,28,1.9310344827586208,27,0.034482758620689655,2,25,14.0,1,27,0.7931034482758621,0.9655172413793104,26.347826086956523,26.492999396316613
1000167,25,24,1.92,15,0.04,2,15,2.4,1,15,0.8,0.96,83.05,158.9567472616372
1000168,4,3,1.5,3,0.25,1,3,3.0,1,3,0.75,0.75,29.0,0.0
1000169,21,20,1.9047619047619047,20,0.047619047619047616,1,20,20.0,1,20,0.5714285714285714,0.9523809523809523,5.416666666666667,4.071411166768702
1000170,50,49,1.96,20,0.02,2,29,2.45,1,30,0.66,0.96,3.090909090909091,3.579094488187187
1000171,16,15,1.875,15,0.0625,1,15,15.0,1,15,0.9375,0.9375,16.866666666666667,16.839899709387293
1000172,28,27,1.9285714285714286,27,0.03571428571428571,1,27,27.0,1,27,0.8214285714285714,0.9642857142857143,26.565217391304348,26.903735132564325
1000173,9,8,1.7777777777777777,8,0.1111111111111111,1,8,8.0,1,8,0.8888888888888888,0.8888888888888888,32.875,26.11243717081958
1000174,26,25,1.9230769230769231,25,0.038461538461538464,1,25,25.0,1,25,0.23076923076923078,0.0,59.0,24.460853078609777
1000176,39,38,1.9487179487179487,38,0.02564102564102564,1,38,38.0,1,38,0.48717948717948717,0.9743589743589743,61.526315789473685,247.1439743233108
1000177,29,23,1.5862068965517242,9,0.02832512315270936,2,12,1.5333333333333334,6,14,0.6896551724137931,0.7586206896551724,12.95,20.735175427278158
1000178,33,32,1.9393939393939394,16,0.030303030303030304,2,16,1.8823529411764706,1,16,0.7878787878787878,0.9696969696969697,25.384615384615383,22.35737173743634
1000179,27,26,1.9259259259259258,21,0.037037037037037035,2,21,4.333333333333333,1,21,0.8888888888888888,0.9629629629629629,145.66666666666666,152.86395549274815
1000180,106,105,1.9811320754716981,85,0.009433962264150943,2,85,7.0,1,91,0.2830188679245283,0.9716981132075472,14.133333333333333,16.24547800329543
1000182,4,3,1.5,3,0.25,1,3,3.0,1,3,0.75,0.75,1545.3333333333333,708.884726563886
1000183,590,589,1.9966101694915255,559,0.001694915254237288,3,557,19.0,1,559,0.31186440677966104,0.9677966101694915,10.353260869565217,22.413364370620666
1000184,91,90,1.978021978021978,90,0.01098901098901099,1,89,90.0,1,90,0.46153846153846156,0.989010989010989,19.047619047619047,20.810885865852562
1000185,76,75,1.9736842105263157,42,0.013157894736842105,3,42,2.2058823529411766,1,42,0.9868421052631579,0.9868421052631579,90.69333333333333,43.82388187075881
1000186,13,12,1.8461538461538463,12,0.07692307692307693,1,12,12.0,1,12,0.6923076923076923,0.9230769230769231,1.0,0.0
1000187,12,11,1.8333333333333333,7,0.08333333333333333,2,7,5.5,1,10,0.9166666666666666,0.8333333333333334,98.54545454545455,235.54168271777434
1000188,40,39,1.95,20,0.025,2,20,1.95,1,20,0.675,0.975,8.555555555555555,11.694675373808604
1000189,11,10,1.8181818181818181,9,0.09090909090909091,2,9,5.0,1,9,0.9090909090909091,0.9090909090909091,69.0,3.0
1000190,10,9,1.8,9,0.1,1,9,9.0,1,9,0.4,0.9,2647.25,2214.8787071756324
1000191,11,10,1.8181818181818181,10,0.09090909090909091,1,10,10.0,1,10,0.9090909090909091,0.9090909090909091,64.8,26.339324213046925
1000192,76,75,1.9736842105263157,60,0.013157894736842105,2,54,5.769230769230769,1,63,0.7894736842105263,0.9473684210526315,27.116666666666667,22.112659772678235
1000194,9,8,1.7777777777777777,7,0.1111111111111111,2,7,4.0,1,7,0.5555555555555556,0.8888888888888888,9.8,0.4
1000195,4,3,1.5,3,0.25,1,3,3.0,1,3,0.5,0.75,50.5,40.5
1000196,3,2,1.3333333333333333,2,0.3333333333333333,1,2,2.0,1,2,0.0,0.6666666666666666,0.0,0.0
1000197,78,77,1.9743589743589745,54,0.01282051282051282,2,54,3.5,1,56,0.5256410256410257,0.9871794871794872,14.658536585365853,18.791032833018743
1000198,261,260,1.9923371647509578,105,0.0038314176245210726,3,139,2.3008849557522124,1,148,0.8773946360153256,0.9961685823754789,13.611353711790393,34.346958859317105
1000199,29,28,1.9310344827586208,19,0.034482758620689655,2,19,3.5,1,21,0.7586206896551724,0.9655172413793104,25.863636363636363,31.981948679252085
1000200,57,56,1.9649122807017543,49,0.017543859649122806,2,49,8.0,1,50,0.6140350877192983,0.9824561403508771,423.2,1523.4025975708828
1000201,144,143,1.9861111111111112,87,0.006944444444444444,4,87,3.575,1,104,0.8472222222222222,0.9930555555555556,345.21311475409834,775.5448135735226
1000204,17,16,1.8823529411764706,16,0.058823529411764705,1,16,16.0,1,16,0.17647058823529413,0.9411764705882353,32.0,20.049937655763422
1000205,5,4,1.6,4,0.2,1,4,4.0,1,4,0.8,0.8,34.0,18.05547008526779
1000206,13,12,1.8461538461538463,8,0.07692307692307693,2,8,3.0,1,9,0.9230769230769231,0.9230769230769231,107.41666666666667,94.8063450173856
1000207,39,38,1.9487179487179487,37,0.02564102564102564,2,37,19.0,1,37,0.717948717948718,0.9743589743589743,19.428571428571427,20.99902816021421
1000208,46,45,1.9565217391304348,27,0.021739130434782608,4,27,2.3684210526315788,1,27,0.8913043478260869,0.9782608695652174,44.48780487804878,39.697712627610755
1000209,57,56,1.9649122807017543,32,0.017543859649122806,3,32,2.8,1,37,0.9122807017543859,0.9824561403508771,51.44230769230769,74.38346938501512
1000210,15,14,1.8666666666666667,11,0.06666666666666667,4,11,3.5,1,11,0.6666666666666666,0.9333333333333333,168.9,79.18642560439257
1000211,30,29,1.9333333333333333,27,0.03333333333333333,2,27,14.5,1,28,0.8666666666666667,0.9666666666666667,20.23076923076923,26.507339611029206
1000212,54,53,1.962962962962963,40,0.018518518518518517,2,40,4.818181818181818,1,43,0.8333333333333334,0.9814814814814815,36.71111111111111,35.046396056416555
1000213,37,36,1.945945945945946,36,0.02702702702702703,1,36,36.0,1,36,0.8108108108108109,0.972972972972973,9.133333333333333,15.649778131192647
1000214,46,45,1.9565217391304348,35,0.021739130434782608,2,30,5.0,1,37,0.8695652173913043,0.9782608695652174,68.95,97.52383042108222
1000216,11,10,1.8181818181818181,9,0.09090909090909091,2,9,5.0,1,9,0.7272727272727273,0.9090909090909091,168.25,344.00717652397896
1000217,8,7,1.75,7,0.125,1,7,7.0,1,7,0.5,0.875,5.5,4.5
1000218,6,5,1.6666666666666667,5,0.16666666666666666,1,5,5.0,1,5,0.8333333333333334,0.8333333333333334,163.8,84.67679729418208
1000220,17,16,1.8823529411764706,15,0.058823529411764705,2,15,8.0,1,15,0.9411764705882353,0.9411764705882353,12.625,12.170019515185668
1000221,34,33,1.9411764705882353,33,0.029411764705882353,1,33,33.0,1,33,0.8823529411764706,0.9705882352941176,11.4,14.641493548587636
1000222,41,40,1.951219512195122,16,0.024390243902439025,2,24,3.076923076923077,1,28,0.926829268292683,0.9512195121951219,79.47368421052632,143.48807704770337
1000223,32,31,1.9375,24,0.03125,2,24,5.166666666666667,1,26,0.8125,0.96875,31.384615384615383,26.38192406098849
1000224,6,5,1.6666666666666667,5,0.16666666666666666,1,5,5.0,1,5,0.3333333333333333,0.8333333333333334,22.5,11.5
1000225,9,8,1.7777777777777777,8,0.1111111111111111,1,8,8.0,1,8,0.8888888888888888,0.5555555555555556,0.0,0.0
1000226,7,6,1.7142857142857142,6,0.14285714285714285,1,6,6.0,1,6,0.7142857142857143,0.8571428571428571,92.2,169.0436629986466
1000227,52,51,1.9615384615384615,7,0.019230769230769232,3,36,3.1875,1,36,0.7307692307692307,0.9615384615384616,6.2368421052631575,12.62294112555706
1000228,46,45,1.9565217391304348,45,0.021739130434782608,1,45,45.0,1,45,0.7608695652173914,0.9782608695652174,82.14285714285714,105.18097135268279
1000229,81,80,1.9753086419753085,52,0.012345679012345678,2,52,3.8095238095238093,1,60,0.9135802469135802,0.9753086419753086,13.108108108108109,18.841133528452083
1000230,87,86,1.9770114942528736,61,0.011494252873563218,2,61,4.095238095238095,1,66,0.735632183908046,0.9885057471264368,12.34375,22.390161588016735
1000231,46,45,1.9565217391304348,42,0.021739130434782608,2,42,11.25,1,42,0.10869565217391304,0.9565217391304348,162.4,299.38376709501136
1000232,36,35,1.9444444444444444,27,0.027777777777777776,2,27,3.888888888888889,1,27,0.3333333333333333,0.9722222222222222,16.916666666666668,15.255918705720594
1000233,59,58,1.9661016949152543,56,0.01694915254237288,2,56,29.0,1,57,0.9830508474576272,0.9830508474576272,788.0689655172414,1007.1400420047228
1000234,57,56,1.9649122807017543,56,0.017543859649122806,1,56,56.0,1,56,0.8771929824561403,0.9649122807017544,39.12,42.093058810212405
1000235,82,81,1.975609756097561,74,0.012195121951219513,4,74,10.125,1,74,0.7926829268292683,0.9878048780487805,41.83076923076923,80.38284723855902
1000236,83,82,1.9759036144578312,78,0.012048192771084338,2,78,16.4,1,78,0.5060240963855421,0.9759036144578314,52.19047619047619,58.660540032598576
1000238,327,326,1.9938837920489296,238,0.0030581039755351682,4,238,6.269230769230769,1,275,0.6513761467889908,0.9938837920489296,122.29107981220658,159.87894412614298
1000239,62,61,1.967741935483871,46,0.016129032258064516,3,45,5.545454545454546,1,51,0.8225806451612904,0.9838709677419355,24.470588235294116,38.12124771180712
1000240,48,47,1.9583333333333333,47,0.020833333333333332,1,43,47.0,1,47,0.9791666666666666,0.9166666666666666,14.659574468085106,18.856994408356677
1000241,87,86,1.9770114942528736,76,0.011494252873563218,2,76,17.2,1,82,0.05747126436781609,0.12643678160919541,211.6,164.1031383002775
1000242,7,6,1.7142857142857142,6,0.14285714285714285,1,6,6.0,1,6,0.5714285714285714,0.8571428571428571,2.5,0.8660254037844386
1000243,24,23,1.9166666666666667,22,0.041666666666666664,2,22,11.5,1,22,0.9166666666666666,0.9583333333333334,167.04545454545453,138.2486157329111
1000244,26,25,1.9230769230769231,12,0.038461538461538464,2,13,5.0,1,21,0.46153846153846156,0.9615384615384616,90.41666666666667,274.32081532800646
1000245,34,33,1.9411764705882353,32,0.029411764705882353,2,32,16.5,1,32,0.6764705882352942,0.9705882352941176,32.82608695652174,36.24272301641548
1000246,42,41,1.9523809523809523,41,0.023809523809523808,1,41,41.0,1,41,0.7380952380952381,0.9523809523809523,56.96774193548387,58.33854691532407
1000247,27,26,1.9259259259259258,26,0.037037037037037035,1,26,26.0,1,26,0.0,0.9629629629629629,0.0,0.0
1000248,27,26,1.9259259259259258,26,0.037037037037037035,1,26,26.0,1,26,0.0,0.9629629629629629,0.0,0.0
1000249,67,66,1.9701492537313432,61,0.014925373134328358,2,61,13.2,1,62,0.9552238805970149,0.9850746268656716,14.625,15.873031374000368
1000250,75,74,1.9733333333333334,74,0.013333333333333334,1,74,74.0,1,74,0.48,0.92,47.72222222222222,90.75994316850696
1000251,80,79,1.975,66,0.0125,2,66,5.642857142857143,1,66,0.8875,0.9875,12.492957746478874,34.53223570114368
1000252,14,13,1.8571428571428572,13,0.07142857142857142,1,13,13.0,1,13,0.8571428571428571,0.9285714285714286,12.666666666666666,4.14996653266291
1000253,25,24,1.92,24,0.04,1,24,24.0,1,24,0.96,0.96,13.541666666666666,12.369246698521655
1000254,12,11,1.8333333333333333,11,0.08333333333333333,1,11,11.0,1,11,0.5833333333333334,0.9166666666666666,55.0,91.40959624522081
1000255,32,31,1.9375,30,0.03125,2,30,15.5,1,30,0.8125,0.96875,25.884615384615383,24.931177458504756
1000256,15,14,1.8666666666666667,14,0.06666666666666667,1,14,14.0,1,14,0.4666666666666667,0.9333333333333333,19.857142857142858,9.731077923386515
1000257,8,7,1.75,6,0.125,2,6,3.5,1,6,0.375,0.875,7.0,6.48074069840786
1000258,45,44,1.9555555555555555,44,0.022222222222222223,1,44,44.0,1,44,0.0,0.9777777777777777,0.0,0.0
1000259,112,111,1.9821428571428572,111,0.008928571428571428,1,111,111.0,1,111,0.5089285714285714,0.9910714285714286,39.63157894736842,82.54241473836501
1000260,36,35,1.9444444444444444,32,0.027777777777777776,2,32,11.666666666666666,1,33,0.6111111111111112,0.9722222222222222,169.63636363636363,601.8149478078445
1000261,36,35,1.9444444444444444,32,0.027777777777777776,2,32,11.666666666666666,1,33,0.6111111111111112,0.9722222222222222,164.22727272727272,602.3822353273846
1000262,74,73,1.972972972972973,73,0.013513513513513514,1,73,73.0,1,73,0.6891891891891891,0.9864864864864865,84.45098039215686,245.4626135603986
1000263,75,74,1.9733333333333334,71,0.013333333333333334,2,71,18.5,1,71,0.6533333333333333,0.9866666666666667,85.57142857142857,250.56303944255998
1000264,115,114,1.982608695652174,112,0.008695652173913044,2,112,38.0,1,112,0.7391304347826086,0.991304347826087,5.364705882352941,8.992607498349807
1000265,56,55,1.9642857142857142,49,0.017857142857142856,2,49,11.0,1,51,0.9642857142857143,0.9642857142857143,717.8888888888889,686.2783601821646
1000266,55,54,1.9636363636363636,36,0.01818181818181818,2,36,2.8421052631578947,1,36,0.9818181818181818,0.9818181818181818,47.574074074074076,26.03530498427362
1000267,62,61,1.967741935483871,61,0.016129032258064516,1,61,61.0,1,61,0.9838709677419355,0.9838709677419355,42.40983606557377,24.78191900981825
1000268,73,72,1.9726027397260273,72,0.0136986301369863,1,72,72.0,1,72,0.9863013698630136,0.9863013698630136,86.26388888888889,56.56436674158514
1000269,106,105,1.9811320754716981,70,0.009433962264150943,2,70,2.9166666666666665,1,70,0.9905660377358491,0.9905660377358491,28.0,23.696091701054037
1000270,103,102,1.9805825242718447,54,0.009708737864077669,2,54,3.642857142857143,1,75,0.8737864077669902,0.9902912621359223,45.77777777777778,50.72864143389211
1000271,126,125,1.9841269841269842,90,0.007936507936507936,2,90,5.0,1,101,0.6428571428571429,0.9920634920634921,25.65432098765432,25.88920385780131
1000272,62,61,1.967741935483871,60,0.016129032258064516,2,60,30.5,1,60,0.8064516129032258,0.9838709677419355,19.48,22.873775377055708
1000273,372,371,1.9946236559139785,306,0.002688172043010753,2,306,6.183333333333334,1,312,0.8629032258064516,0.9946236559139785,7.062305295950155,11.748765944884028
1000274,132,131,1.9848484848484849,108,0.007575757575757576,2,108,6.894736842105263,1,113,0.9318181818181818,0.9924242424242424,142.0650406504065,186.17361159920773
1000275,289,288,1.9930795847750864,206,0.0034602076124567475,2,206,4.571428571428571,1,226,0.8339100346020761,0.9965397923875432,22.410788381742737,22.874393804198935
1000276,9,8,1.7777777777777777,7,0.1111111111111111,2,7,4.0,1,7,0.8888888888888888,0.8888888888888888,1416.25,3663.894572377868
1000277,40,39,1.95,39,0.025,1,39,39.0,1,39,0.775,0.925,740.5806451612904,1874.5345533981106
1000279,592,588,1.9864864864864864,88,0.0016806146247770612,6,220,2.352,4,342,0.5996621621621622,0.9527027027027027,55.42253521126761,102.04838150710962
1000280,274,273,1.9927007299270072,152,0.0036496350364963502,2,152,3.5454545454545454,1,197,0.9343065693430657,0.9635036496350365,228.359375,669.2506272687456
1000283,44,43,1.9545454545454546,22,0.022727272727272728,2,22,4.3,1,34,0.7727272727272727,0.9545454545454546,10.382352941176471,13.19539738358518
1000285,158,157,1.9873417721518987,80,0.006329113924050633,3,80,3.488888888888889,1,113,0.7658227848101266,0.9936708860759493,9.975206611570249,14.508739349760722
1000287,261,260,1.9923371647509578,219,0.0038314176245210726,2,219,7.027027027027027,1,224,0.47126436781609193,0.9808429118773946,15.073170731707316,16.655364004099763
1000288,17,16,1.8823529411764706,13,0.058823529411764705,2,13,8.0,1,15,0.6470588235294118,0.9411764705882353,11.0,12.540842366951564
1000289,13,12,1.8461538461538463,11,0.07692307692307693,2,11,6.0,1,11,0.7692307692307693,0.8461538461538461,13.6,22.055384830013733
1000290,24,23,1.9166666666666667,15,0.041666666666666664,2,14,11.5,1,22,0.2916666666666667,0.9583333333333334,12.142857142857142,12.910998317365719
1000291,25,24,1.92,24,0.04,1,24,24.0,1,24,0.88,0.96,18.545454545454547,19.251274509702828
1000292,867,866,1.9976931949250287,332,0.0011534025374855825,4,505,5.154761904761905,1,699,0.8339100346020761,0.9953863898500577,21.27939142461964,26.58449206661936
1000293,322,321,1.9937888198757765,167,0.003105590062111801,3,145,4.397260273972603,1,249,0.8726708074534162,0.984472049689441,86.74733096085409,159.76229072950719
1000295,43,42,1.9534883720930232,28,0.023255813953488372,2,28,14.0,1,40,0.8372093023255814,0.9302325581395349,24.694444444444443,22.758172456949328
1000296,39,38,1.9487179487179487,38,0.02564102564102564,1,38,38.0,1,38,0.7435897435897436,0.9487179487179487,27.79310344827586,23.285898219434227
1000297,25,24,1.92,24,0.04,1,24,24.0,1,24,0.68,0.96,19.823529411764707,16.681216255973265
1000298,276,275,1.9927536231884058,58,0.0036231884057971015,4,156,3.9855072463768115,1,207,0.7898550724637681,0.9927536231884058,13.775229357798166,16.040943347556126
1000299,257,256,1.9922178988326849,48,0.0038910505836575876,4,143,3.9384615384615387,1,192,0.5992217898832685,0.8793774319066148,21.415584415584416,26.943351178173927
1000300,90,89,1.9777777777777779,56,0.011111111111111112,3,56,3.1785714285714284,1,62,0.7333333333333333,0.9666666666666667,113.1969696969697,168.46672359998647
1000301,106,105,1.9811320754716981,66,0.009433962264150943,3,66,3.6206896551724137,1,77,0.6792452830188679,0.9716981132075472,104.23611111111111,191.6178556003499
1000302,101,100,1.9801980198019802,59,0.009900990099009901,3,59,3.225806451612903,1,70,0.6732673267326733,0.9900990099009901,103.22058823529412,180.38283190678874
1000303,18,17,1.8888888888888888,14,0.05555555555555555,2,14,4.25,1,14,0.9444444444444444,0.9444444444444444,1.4705882352941178,1.1939872429520257
1000304,92,91,1.9782608695652173,76,0.010869565217391304,2,76,5.6875,1,76,0.7065217391304348,0.967391304347826,8.584615384615384,18.27473439368582
1000305,76,75,1.9736842105263157,35,0.013157894736842105,3,39,2.027027027027027,1,39,0.7763157894736842,0.9868421052631579,6.220338983050848,8.405139260404042
1000306,20,19,1.9,10,0.05,2,10,1.9,1,10,0.85,0.95,7.176470588235294,3.9591338048150218
1000307,21,20,1.9047619047619047,10,0.047619047619047616,2,10,1.8181818181818181,1,10,0.8571428571428571,0.9523809523809523,6.555555555555555,6.5508457657705215
1000309,43,42,1.9534883720930232,21,0.023255813953488372,2,21,1.9090909090909092,1,21,0.9767441860465116,0.9767441860465116,10.071428571428571,9.64462065003042
1000310,98,97,1.9795918367346939,89,0.01020408163265306,2,89,10.777777777777779,1,89,0.9795918367346939,0.9897959183673469,340.2916666666667,1584.8986883806028
1000312,90,89,1.9777777777777779,89,0.011111111111111112,1,89,89.0,1,89,0.8666666666666667,0.9888888888888889,25.166666666666668,29.543282748461717
1000313,96,95,1.9791666666666667,87,0.010416666666666666,2,87,10.555555555555555,1,87,0.9479166666666666,0.9895833333333334,10.384615384615385,16.303285740947196
1000314,213,212,1.9906103286384977,146,0.004694835680751174,4,146,7.310344827586207,1,184,0.92018779342723,0.9906103286384976,87.65306122448979,206.70054263925772
1000315,87,86,1.9770114942528736,77,0.011494252873563218,2,66,10.75,1,79,0.6896551724137931,0.9885057471264368,16.65,24.15838363798373
1000316,127,126,1.984251968503937,59,0.007874015748031496,3,59,3.9375,1,95,0.6771653543307087,0.952755905511811,28.558139534883722,27.171977977989457
1000317,58,57,1.9655172413793103,9,0.017241379310344827,2,48,5.7,1,48,0.7068965517241379,0.9827586206896551,42.609756097560975,85.00068236419949
1000318,23,22,1.9130434782608696,7,0.043478260869565216,3,13,2.75,1,15,0.9565217391304348,0.9565217391304348,125.77272727272727,216.89753169687836
1000319,24,23,1.9166666666666667,6,0.041666666666666664,3,16,2.875,1,16,0.7083333333333334,0.9583333333333334,105.70588235294117,153.72005292505034
1000320,78,77,1.9743589743589745,69,0.01282051282051282,4,69,9.625,1,70,0.6282051282051282,0.9743589743589743,54.734693877551024,60.44487301571475
1000321,1228,1227,1.998371335504886,223,0.0008143322475570033,3,956,9.5859375,1,1100,0.2752442996742671,0.999185667752443,8.272189349112425,14.894397360133217
1000322,41,40,1.951219512195122,23,0.024390243902439025,2,23,4.0,1,31,0.7804878048780488,0.9512195121951219,44.21875,152.95296139152552
1000323,219,218,1.9908675799086757,72,0.0045662100456621,3,144,5.45,1,179,0.730593607305936,0.9817351598173516,570.8375,1563.6758331232693
1000324,66,65,1.9696969696969697,61,0.015151515151515152,2,61,13.0,1,61,0.7121212121212122,0.9848484848484849,35.1063829787234,58.1290691707844
1000325,45,44,1.9555555555555555,43,0.022222222222222223,2,43,22.0,1,43,0.2222222222222222,0.9777777777777777,95.0,176.83325479106017
1000326,9,8,1.7777777777777777,8,0.1111111111111111,1,8,8.0,1,8,0.8888888888888888,0.8888888888888888,38.375,21.609821262564854
1000327,56,55,1.9642857142857142,29,0.017857142857142856,3,29,2.2916666666666665,1,32,0.3392857142857143,0.9821428571428571,19.36842105263158,17.00529492251346
1000328,23,22,1.9130434782608696,22,0.043478260869565216,1,22,22.0,1,22,0.6521739130434783,0.9565217391304348,23.533333333333335,26.5527567097823
1000329,305,304,1.9934426229508198,173,0.003278688524590164,3,173,4.405797101449275,1,236,0.8426229508196721,0.9868852459016394,90.3307392996109,124.7265785840773
1000330,39,38,1.9487179487179487,38,0.02564102564102564,1,38,38.0,1,38,0.7948717948717948,0.9743589743589743,47.38709677419355,55.093280088647106
1000331,172,171,1.9883720930232558,167,0.005813953488372093,2,167,85.5,1,170,0.872093023255814,0.9767441860465116,8.566666666666666,13.144538367279731
1000332,161,160,1.9875776397515528,125,0.006211180124223602,2,123,6.666666666666667,1,137,0.6770186335403726,0.9937888198757764,13.247706422018348,18.17103045923674
1000333,180,179,1.988888888888889,108,0.005555555555555556,2,108,4.589743589743589,1,141,0.75,0.9833333333333333,29.97037037037037,43.921300112434395
1000335,47,46,1.9574468085106382,46,0.02127659574468085,1,46,46.0,1,46,0.5957446808510638,0.9787234042553191,144.46428571428572,237.8085187322621
1000336,108,107,1.9814814814814814,107,0.009259259259259259,1,107,107.0,1,107,0.8611111111111112,0.9907407407407407,57.54838709677419,105.57558736723267
1000337,70,69,1.9714285714285715,25,0.014285714285714285,4,34,2.76,1,45,0.6857142857142857,0.9857142857142858,390.3125,892.6739362782005
1000338,27,26,1.9259259259259258,26,0.037037037037037035,1,26,26.0,1,26,0.8888888888888888,0.9629629629629629,94.70833333333333,247.21034888778874
1000339,58,57,1.9655172413793103,25,0.017241379310344827,4,33,3.3529411764705883,1,41,0.8620689655172413,0.9827586206896551,20.3,26.465260248106382
1000340,231,230,1.9913419913419914,81,0.004329004329004329,4,120,3.8983050847457625,1,172,0.6623376623376623,0.9913419913419913,9.137254901960784,17.59495576241754
1000342,187,186,1.9893048128342246,186,0.0053475935828877,1,186,186.0,1,186,0.5133689839572193,0.9679144385026738,12.739583333333334,23.279660646718817
1000344,320,319,1.99375,319,0.003125,1,319,319.0,1,319,0.80625,0.925,163.5581395348837,332.17493072820923
1000345,162,161,1.9876543209876543,99,0.006172839506172839,3,87,4.472222222222222,1,126,0.9074074074074074,0.9876543209876543,26.482993197278912,32.38529811346366
1000346,75,74,1.9733333333333334,74,0.013333333333333334,1,74,74.0,1,74,0.56,0.9866666666666667,12.19047619047619,16.865346403114646
1000347,10,9,1.8,5,0.1,2,5,4.5,1,8,0.5,0.9,51.4,41.716183909844865
1000348,5,4,1.6,4,0.2,1,4,4.0,1,4,0.8,0.8,32.5,21.313141485947114
1000349,6,5,1.6666666666666667,4,0.16666666666666666,2,4,2.5,1,4,0.6666666666666666,0.8333333333333334,23.5,14.044571905188139
1000350,4,3,1.5,3,0.25,1,3,3.0,1,3,0.75,0.75,82.33333333333333,44.96912521077347
1000351,76,75,1.9736842105263157,63,0.013157894736842105,2,63,6.818181818181818,1,65,0.6052631578947368,0.9868421052631579,23.73913043478261,27.181703231184834
1000352,56,55,1.9642857142857142,11,0.017857142857142856,3,37,2.8947368421052633,1,37,0.6071428571428571,0.9821428571428571,14.411764705882353,9.453034517640116
1000353,32,31,1.9375,16,0.03125,3,16,3.1,1,22,0.90625,0.96875,44.03448275862069,114.98200241735607
1000354,5,4,1.6,4,0.2,1,4,4.0,1,4,0.8,0.8,1117.75,1158.980236026482
1000355,8,7,1.75,7,0.125,1,7,7.0,1,7,0.875,0.875,73.28571428571429,44.77471954355585
1000356,29,28,1.9310344827586208,25,0.034482758620689655,2,25,9.333333333333334,1,26,0.896551724137931,0.9655172413793104,26.0,35.33357522897362
1000357,8,7,1.75,7,0.125,1,7,7.0,1,7,0.875,0.875,310.42857142857144,157.99987083435693
1000358,34,33,1.9411764705882353,10,0.029411764705882353,3,22,3.3,1,24,0.35294117647058826,0.9411764705882353,26.583333333333332,25.127867442785952
1000359,150,149,1.9866666666666666,149,0.006666666666666667,1,149,149.0,1,149,0.43333333333333335,0.9933333333333333,28.43076923076923,44.44390387573954
1000361,371,370,1.994609164420485,313,0.0026954177897574125,2,313,6.7272727272727275,1,316,0.431266846361186,0.9946091644204852,197.05625,471.61928828869736
1000363,165,164,1.9878787878787878,164,0.006060606060606061,1,164,164.0,1,164,0.9939393939393939,0.9878787878787879,94.41463414634147,20.734060124741486
1000365,71,70,1.971830985915493,70,0.014084507042253521,1,70,70.0,1,70,0.8028169014084507,0.9859154929577465,22.333333333333332,20.718102376469506
1000366,97,96,1.9793814432989691,93,0.010309278350515464,2,93,24.0,1,93,0.3917525773195876,0.979381443298969,25.92105263157895,32.29419173697646
1000367,61,60,1.9672131147540983,8,0.01639344262295082,3,28,1.935483870967742,1,30,0.7213114754098361,0.0,81.9090909090909,115.86724734912997
1000368,405,404,1.9950617283950618,252,0.0024691358024691358,4,252,4.43956043956044,1,314,0.39753086419753086,0.9950617283950617,3.248447204968944,7.708212169881439
1000369,173,172,1.9884393063583814,171,0.005780346820809248,2,147,86.0,1,171,0.9364161849710982,0.9710982658959537,43.03086419753087,42.79024678873466
1000371,164,163,1.9878048780487805,143,0.006097560975609756,2,140,8.15,1,144,0.29878048780487804,0.975609756097561,56.48979591836735,60.62333438031037
1000374,92,91,1.9782608695652173,91,0.010869565217391304,1,91,91.0,1,91,0.9891304347826086,0.9891304347826086,52.417582417582416,28.53225124640995
1000375,99,98,1.97979797979798,93,0.010101010101010102,2,93,16.333333333333332,1,93,0.8686868686868687,0.898989898989899,48.98837209302326,59.022560563647644
1000376,181,180,1.988950276243094,180,0.0055248618784530384,1,180,180.0,1,180,0.9723756906077348,0.9558011049723757,187.1534090909091,60.77795176045571
1000377,46,45,1.9565217391304348,41,0.021739130434782608,2,41,9.0,1,41,0.41304347826086957,0.9565217391304348,42.73684210526316,37.59737127605873
1000378,15,14,1.8666666666666667,14,0.06666666666666667,1,14,14.0,1,14,0.7333333333333333,0.9333333333333333,603.9090909090909,1603.3129028554624
1000380,189,188,1.9894179894179893,87,0.005291005291005291,4,87,2.7246376811594204,1,120,0.9259259259259259,0.9841269841269841,33.69714285714286,73.77916657436681
1000381,90,89,1.9777777777777779,89,0.011111111111111112,1,89,89.0,1,89,0.9444444444444444,0.9777777777777777,32.529411764705884,20.56472607348585
1000382,77,76,1.974025974025974,76,0.012987012987012988,1,76,76.0,1,76,0.987012987012987,0.8961038961038961,35.63157894736842,17.33481597466054
1000383,116,115,1.9827586206896552,115,0.008620689655172414,1,115,115.0,1,115,0.9827586206896551,0.9741379310344828,87.74561403508773,26.569277668973825
1000385,99,98,1.97979797979798,98,0.010101010101010102,1,98,98.0,1,98,0.9696969696969697,0.9595959595959596,110.63541666666667,55.85959328822927
1000386,33,32,1.9393939393939394,22,0.030303030303030304,2,22,4.0,1,25,0.5454545454545454,0.9393939393939394,93.5,154.88965606377838
1000387,34,33,1.9411764705882353,21,0.029411764705882353,3,21,4.125,1,26,0.8235294117647058,0.9411764705882353,34.142857142857146,24.40684079415073
1000388,6,5,1.6666666666666667,2,0.16666666666666666,3,2,1.25,1,2,0.8333333333333334,0.8333333333333334,111.2,43.45296307503091
1000389,9,8,1.7777777777777777,5,0.1111111111111111,2,5,2.0,1,5,0.6666666666666666,0.8888888888888888,29.833333333333332,21.84350907910377
1000390,137,136,1.9854014598540146,133,0.0072992700729927005,2,133,34.0,1,133,0.7226277372262774,0.9927007299270073,23.565656565656564,26.05400824788851
1000392,12,11,1.8333333333333333,8,0.08333333333333333,2,8,3.6666666666666665,1,9,0.8333333333333334,0.9166666666666666,1342.6,1376.8865022215882
1000393,18,17,1.8888888888888888,17,0.05555555555555555,1,17,17.0,1,17,0.7777777777777778,0.9444444444444444,2029.2857142857142,2497.8232360131788
1000395,16,15,1.875,15,0.0625,1,15,15.0,1,15,0.625,0.9375,7573.4,6441.055304839417
1000396,222,221,1.990990990990991,168,0.0045045045045045045,3,168,4.604166666666667,1,174,0.8153153153153153,0.9864864864864865,25.895027624309392,23.986069336946517
1000397,26,25,1.9230769230769231,18,0.038461538461538464,2,18,3.125,1,18,0.8461538461538461,0.9615384615384616,35.45454545454545,15.919477129168397
1000398,36,35,1.9444444444444444,30,0.027777777777777776,2,30,5.833333333333333,1,30,0.6666666666666666,0.9722222222222222,32.291666666666664,26.075977397256317
1000399,21,20,1.9047619047619047,20,0.047619047619047616,1,20,20.0,1,20,0.8571428571428571,0.9523809523809523,176.55555555555554,128.19265979256127
1000400,60,59,1.9666666666666666,43,0.016666666666666666,3,43,5.9,1,50,0.4166666666666667,0.9833333333333333,352.0,436.72307014857824
1000401,134,133,1.9850746268656716,22,0.007462686567164179,3,85,3.5945945945945947,1,97,0.835820895522388,0.9925373134328358,108.875,298.6705400903429
1000402,34,33,1.9411764705882353,24,0.029411764705882353,2,24,3.6666666666666665,1,25,0.5,0.9705882352941176,153.52941176470588,346.6340870592774
1000403,67,66,1.9701492537313432,51,0.014925373134328358,3,51,5.076923076923077,1,54,0.5522388059701493,0.9850746268656716,347.2432432432432,385.7740134863587
1000404,21,20,1.9047619047619047,12,0.047619047619047616,2,12,4.0,1,16,0.9047619047619048,0.9523809523809523,141.05263157894737,241.00436197935252
1000405,26,25,1.9230769230769231,17,0.038461538461538464,2,17,5.0,1,21,0.9615384615384616,0.9615384615384616,33.92,27.633197426284205
1000406,126,125,1.9841269841269842,21,0.007936507936507936,3,75,2.6595744680851063,1,79,0.9285714285714286,0.9761904761904762,128.76923076923077,311.0474277358963
1000407,105,104,1.980952380952381,102,0.009523809523809525,2,102,34.666666666666664,1,102,0.21904761904761905,0.9904761904761905,39.21739130434783,51.60296294302349
1000408,48,47,1.9583333333333333,38,0.020833333333333332,2,38,4.7,1,38,0.5,0.9791666666666666,2.6666666666666665,2.793842435706702
1000409,34,33,1.9411764705882353,27,0.029411764705882353,2,24,11.0,1,31,0.8529411764705882,0.9705882352941176,82.79310344827586,137.21249046148995
1000410,15,14,1.8666666666666667,5,0.06666666666666667,2,9,2.3333333333333335,1,9,0.7333333333333333,0.9333333333333333,31.0,23.633566268031885
1000411,6,5,1.6666666666666667,5,0.16666666666666666,1,5,5.0,1,5,0.5,0.8333333333333334,21.333333333333332,19.770910168449223
1000412,8,7,1.75,7,0.125,1,7,7.0,1,7,0.875,0.875,1580.0,1726.5532137759321
1000413,269,266,1.9776951672862453,138,0.0036897297897131444,3,148,3.6944444444444446,3,197,0.7137546468401487,0.9776951672862454,47.510416666666664,88.91943858437098
1000414,12,11,1.8333333333333333,7,0.08333333333333333,2,7,2.75,1,8,0.6666666666666666,0.9166666666666666,10.5,5.0
1000415,59,58,1.9661016949152543,32,0.01694915254237288,2,32,3.8666666666666667,1,44,0.9322033898305084,0.9830508474576272,171.98181818181817,668.7065531418666
1000416,11,10,1.8181818181818181,10,0.09090909090909091,1,10,10.0,1,10,0.9090909090909091,0.9090909090909091,41.5,41.78576312573458
1000417,26,25,1.9230769230769231,24,0.038461538461538464,2,24,12.5,1,24,0.0,0.6923076923076923,0.0,0.0
1000418,92,91,1.9782608695652173,46,0.010869565217391304,4,46,3.64,1,67,0.6195652173913043,0.9782608695652174,243.91228070175438,825.9732649490466
1000419,97,96,1.9793814432989691,96,0.010309278350515464,1,96,96.0,1,96,0.9896907216494846,0.6082474226804123,25.0625,16.4435983617739
1000420,15,14,1.8666666666666667,14,0.06666666666666667,1,14,14.0,1,14,0.9333333333333333,0.9333333333333333,2016.4285714285713,430.13464906530214
1000421,32,31,1.9375,30,0.03125,2,30,15.5,1,30,0.9375,0.9375,981.2,1468.48934623306
1000422,97,96,1.9793814432989691,80,0.010309278350515464,2,80,7.384615384615385,1,84,0.6804123711340206,0.979381443298969,89.95454545454545,83.82637753265934
1000423,52,51,1.9615384615384615,13,0.019230769230769232,4,32,2.8333333333333335,1,34,0.7692307692307693,0.9423076923076923,48.0,62.425555664327085
1000424,28,27,1.9285714285714286,21,0.03571428571428571,2,21,3.857142857142857,1,21,0.7857142857142857,0.9642857142857143,63.68181818181818,137.44929192702185
1000425,14,13,1.8571428571428572,8,0.07142857142857142,2,8,3.25,1,10,0.7142857142857143,0.9285714285714286,222.7,215.39733053127654
1000426,28,27,1.9285714285714286,24,0.03571428571428571,2,24,6.75,1,24,0.6071428571428571,0.9642857142857143,403.29411764705884,490.5925306625332
1000427,19,18,1.894736842105263,12,0.05263157894736842,3,12,3.0,1,13,0.8421052631578947,0.8947368421052632,186.625,159.2152140186358
1000428,21,20,1.9047619047619047,9,0.047619047619047616,2,11,3.3333333333333335,1,15,0.8571428571428571,0.9523809523809523,35.611111111111114,56.54313878102166
1000429,28,27,1.9285714285714286,27,0.03571428571428571,1,27,27.0,1,27,0.8928571428571429,0.9285714285714286,2558.36,2737.9312318610196
1000430,44,43,1.9545454545454546,28,0.022727272727272728,2,28,2.6875,1,28,0.7954545454545454,0.9772727272727273,427.77142857142854,547.7067560403514
1000431,58,57,1.9655172413793103,51,0.017241379310344827,2,51,11.4,1,53,0.5344827586206896,0.9655172413793104,128.70967741935485,62.76592127969994
1000432,16,15,1.875,12,0.0625,3,12,3.75,1,12,0.5,0.9375,65.5,42.930175867331364
1000433,65,64,1.9692307692307693,59,0.015384615384615385,2,59,10.666666666666666,1,59,0.676923076923077,0.9692307692307692,37.52272727272727,58.46890729126645
1000434,10,9,1.8,9,0.1,1,9,9.0,1,9,0.3,0.9,40.333333333333336,13.816254517375137
1000435,13,12,1.8461538461538463,4,0.07692307692307693,2,8,2.4,1,8,0.6923076923076923,0.9230769230769231,15.666666666666666,13.349989596333858
1000436,137,136,1.9854014598540146,100,0.0072992700729927005,2,100,6.181818181818182,1,115,0.781021897810219,0.9854014598540146,57.308411214953274,53.69495202695219
1000437,36,35,1.9444444444444444,28,0.027777777777777776,2,28,4.375,1,28,0.6666666666666666,0.8611111111111112,35.416666666666664,33.044057290566215
1000438,23,22,1.9130434782608696,22,0.043478260869565216,1,22,22.0,1,22,0.43478260869565216,0.9130434782608695,6.5,4.801041553663121
1000439,30,29,1.9333333333333333,26,0.03333333333333333,2,26,7.25,1,26,0.8,0.9666666666666667,10.875,12.231491119238079
1000440,10,9,1.8,8,0.1,2,8,4.5,1,8,0.9,0.9,411.6666666666667,1011.333772797092
1000441,19,18,1.894736842105263,18,0.05263157894736842,1,18,18.0,1,18,0.9473684210526315,0.9473684210526315,28.22222222222222,22.623870273957095
1000442,32,31,1.9375,20,0.03125,2,20,7.75,1,28,0.71875,0.96875,63.34782608695652,92.89386589738344
1000443,8,7,1.75,4,0.125,2,4,3.5,1,6,0.75,0.875,227.83333333333334,212.8265464853689
1000444,56,55,1.9642857142857142,55,0.017857142857142856,1,55,55.0,1,55,0.0,0.9821428571428571,0.0,0.0
1000445,18,17,1.8888888888888888,17,0.05555555555555555,1,17,17.0,1,17,0.0,0.9444444444444444,0.0,0.0
1000446,77,76,1.974025974025974,53,0.012987012987012988,2,53,3.3043478260869565,1,54,0.8441558441558441,0.974025974025974,3071.876923076923,6375.320397397095
1000447,11,10,1.8181818181818181,10,0.09090909090909091,1,10,10.0,1,10,0.0,0.9090909090909091,0.0,0.0
1000448,68,67,1.9705882352941178,63,0.014705882352941176,3,63,22.333333333333332,1,65,0.6617647058823529,0.9705882352941176,375.64444444444445,588.058355212986
1000449,111,110,1.981981981981982,107,0.009009009009009009,2,107,27.5,1,107,0.9279279279279279,0.990990990990991,533.5728155339806,568.5861463867604
1000450,49,48,1.9591836734693877,43,0.02040816326530612,2,43,12.0,1,45,0.8571428571428571,0.9795918367346939,6.904761904761905,16.408199930013975
1000451,16,15,1.875,15,0.0625,1,15,15.0,1,15,0.625,0.9375,26.1,19.826497421380306
1000452,13,12,1.8461538461538463,12,0.07692307692307693,1,12,12.0,1,12,0.9230769230769231,0.9230769230769231,0.9166666666666666,0.2763853991962833
1000453,34,33,1.9411764705882353,33,0.029411764705882353,1,33,33.0,1,33,0.0,0.9411764705882353,0.0,0.0
1000454,40,39,1.95,39,0.025,1,39,39.0,1,39,0.675,0.975,84.14814814814815,98.32097990339211
1000455,92,91,1.9782608695652173,85,0.010869565217391304,2,85,15.166666666666666,1,86,0.6304347826086957,0.967391304347826,22.0,20.713979953578246
1000456,63,62,1.9682539682539681,60,0.015873015873015872,2,60,20.666666666666668,1,60,0.1111111111111111,0.1746031746031746,3.2857142857142856,3.8438925848782035
1000457,58,57,1.9655172413793103,57,0.017241379310344827,1,57,57.0,1,57,0.0,0.0,0.0,0.0
1000458,19,18,1.894736842105263,18,0.05263157894736842,1,18,18.0,1,18,0.0,0.0,0.0,0.0
1000459,90,89,1.9777777777777779,89,0.011111111111111112,1,89,89.0,1,89,0.0,0.0,0.0,0.0
1000460,22,21,1.9090909090909092,21,0.045454545454545456,1,21,21.0,1,21,0.0,0.0,0.0,0.0
1000461,161,160,1.9875776397515528,160,0.006211180124223602,1,160,160.0,1,160,0.0,0.0,0.0,0.0
1000462,46,45,1.9565217391304348,45,0.021739130434782608,1,45,45.0,1,45,0.0,0.0,0.0,0.0
1000463,121,120,1.9834710743801653,120,0.008264462809917356,1,120,120.0,1,120,0.0,0.0,0.0,0.0
1000464,0,0,0.0,0,0.0,0,0,0.0,0,0,0.0,0.0,0.0,0.0
1000465,0,0,0.0,0,0.0,0,0,0.0,0,0,0.0,0.0,0.0,0.0
1000466,0,0,0.0,0,0.0,0,0,0.0,0,0,0.0,0.0,0.0,0.0
1000467,0,0,0.0,0,0.0,0,0,0.0,0,0,0.0,0.0,0.0,0.0
1000468,0,0,0.0,0,0.0,0,0,0.0,0,0,0.0,0.0,0.0,0.0
1000469,0,0,0.0,0,0.0,0,0,0.0,0,0,0.0,0.0,0.0,0.0
1000470,0,0,0.0,0,0.0,0,0,0.0,0,0,0.0,0.0,0.0,0.0
1000472,226,225,1.991150442477876,85,0.004424778761061947,4,96,2.8125,1,146,0.7743362831858407,0.9601769911504425,4739.057142857143,20659.998140703632
1000474,41,40,1.951219512195122,37,0.024390243902439025,2,37,10.0,1,37,0.6341463414634146,0.975609756097561,11.884615384615385,21.73498937919247
1000475,20,19,1.9,17,0.05,2,17,6.333333333333333,1,17,0.8,0.95,23.4375,16.579236826524916
1000477,152,151,1.986842105263158,41,0.006578947368421052,3,105,3.282608695652174,1,106,0.875,0.993421052631579,15.834586466165414,21.25964812415352
1000478,41,40,1.951219512195122,40,0.024390243902439025,1,40,40.0,1,40,0.2682926829268293,0.9512195121951219,40.81818181818182,37.99477998074372
1000479,29,28,1.9310344827586208,28,0.034482758620689655,1,28,28.0,1,28,0.7931034482758621,0.9655172413793104,22.782608695652176,17.81049158743271
1000480,10,9,1.8,8,0.1,2,8,4.5,1,8,0.9,0.9,47.666666666666664,39.42362517859338
1000481,8,7,1.75,7,0.125,1,7,7.0,1,7,0.875,0.875,30.142857142857142,16.012750021945205
1000482,31,30,1.935483870967742,30,0.03225806451612903,1,30,30.0,1,30,0.7741935483870968,0.967741935483871,137.66666666666666,171.02842518780972
1000483,13,12,1.8461538461538463,6,0.07692307692307693,2,6,1.7142857142857142,1,6,0.6923076923076923,0.9230769230769231,28.555555555555557,26.63377601263775
1000485,15,14,1.8666666666666667,14,0.06666666666666667,1,14,14.0,1,14,0.9333333333333333,0.9333333333333333,4.071428571428571,0.25753937681885636
1000486,13,12,1.8461538461538463,12,0.07692307692307693,1,12,12.0,1,12,0.9230769230769231,0.9230769230769231,0.5833333333333334,1.1873172373979173
1000487,34,33,1.9411764705882353,33,0.029411764705882353,1,33,33.0,1,33,0.8823529411764706,0.9705882352941176,835.4666666666667,1758.17865480793
1000488,40,39,1.95,21,0.025,3,21,3.0,1,27,0.85,0.975,22.558823529411764,35.33386242558311
1000489,19,18,1.894736842105263,18,0.05263157894736842,1,18,18.0,1,18,0.8421052631578947,0.9473684210526315,0.0,0.0
1000490,17,16,1.8823529411764706,6,0.058823529411764705,2,12,3.2,1,12,0.7058823529411765,0.7647058823529411,415.5833333333333,312.1638080488441
1000491,9,8,1.7777777777777777,8,0.1111111111111111,1,8,8.0,1,8,0.8888888888888888,0.8888888888888888,3.375,0.8569568250501305
1000492,69,68,1.9710144927536233,68,0.014492753623188406,1,68,68.0,1,68,0.7246376811594203,0.9710144927536232,8.92,19.009302985643636
1000493,155,154,1.9870967741935484,96,0.0064516129032258064,4,96,2.6551724137931036,1,97,0.9935483870967742,0.9870967741935484,135.14285714285714,59.64237887668885
1000494,91,90,1.978021978021978,31,0.01098901098901099,3,52,2.3684210526315788,1,53,0.9230769230769231,0.989010989010989,14.095238095238095,11.52803936538982
1000495,134,133,1.9850746268656716,54,0.007462686567164179,3,70,2.891304347826087,1,88,0.8283582089552238,0.9925373134328358,500.2972972972973,1040.8429068112835
1000496,31,30,1.935483870967742,30,0.03225806451612903,1,30,30.0,1,30,0.9032258064516129,0.967741935483871,289.07142857142856,325.13820452357845
1000497,64,63,1.96875,58,0.015625,2,58,12.6,1,59,0.765625,0.984375,65.65306122448979,96.26378534100935
1000499,79,78,1.9746835443037976,64,0.012658227848101266,2,64,5.571428571428571,1,65,0.9367088607594937,0.9873417721518988,14693.648648648648,39334.44648844354
1000500,89,88,1.9775280898876404,49,0.011235955056179775,2,49,3.142857142857143,1,61,0.9325842696629213,0.9887640449438202,33.01204819277108,46.31674447428784
1000501,419,417,1.990453460620525,394,0.0023809251921298145,2,395,18.130434782608695,2,396,0.8568019093078759,0.9904534606205251,21.050139275766018,20.778383446350077
1000502,29,28,1.9310344827586208,23,0.034482758620689655,2,23,5.6,1,24,0.5862068965517241,0.9655172413793104,49.411764705882355,114.71194554111175
1000503,71,70,1.971830985915493,59,0.014084507042253521,2,59,8.75,1,63,0.5352112676056338,0.9577464788732394,35.21052631578947,27.393965811486414
1000504,228,226,1.9824561403508771,97,0.004366643480949069,4,100,2.306122448979592,2,130,0.9736842105263158,0.9780701754385965,93.72072072072072,44.343290456275014
1000505,121,120,1.9834710743801653,35,0.008264462809917356,3,83,3.870967741935484,1,90,0.5950413223140496,0.9917355371900827,24.36111111111111,27.581347136725267
1000506,168,167,1.9880952380952381,134,0.005952380952380952,2,134,5.21875,1,136,0.7916666666666666,0.9880952380952381,15.045112781954888,20.17810346820896
1000507,133,132,1.9849624060150375,78,0.007518796992481203,2,78,3.0,1,89,0.5338345864661654,0.9849624060150376,12.394366197183098,14.042670258130242
1000508,237,236,1.9915611814345993,216,0.004219409282700422,2,216,11.238095238095237,1,216,0.729957805907173,0.9915611814345991,142.6184971098266,533.4778184510058
1000509,370,369,1.9945945945945946,257,0.002702702702702703,3,257,5.271428571428571,1,300,0.8108108108108109,0.9945945945945946,9.923333333333334,15.827953822974788
1000510,127,126,1.984251968503937,126,0.007874015748031496,1,126,126.0,1,126,0.7716535433070866,0.9921259842519685,35.5,30.382342482005523
1000511,87,86,1.9770114942528736,86,0.011494252873563218,1,86,86.0,1,86,0.7816091954022989,0.9655172413793104,660.2647058823529,1166.2808613613852
1000512,138,137,1.9855072463768115,110,0.007246376811594203,3,110,6.85,1,118,0.7681159420289855,0.9782608695652174,711.6981132075472,1346.6558382156197
1000513,114,113,1.9824561403508771,77,0.008771929824561403,3,77,3.2285714285714286,1,79,0.6754385964912281,0.9912280701754386,66.06493506493507,102.26897787396427
1000514,168,167,1.9880952380952381,113,0.005952380952380952,3,113,4.282051282051282,1,129,0.9226190476190477,0.9880952380952381,42.47096774193548,33.74234626284219
1000515,80,79,1.975,30,0.0125,3,47,3.16,1,55,0.8125,0.975,26.323076923076922,23.74486677631298
1000516,51,50,1.9607843137254901,21,0.0196078431372549,3,28,3.8461538461538463,1,38,0.9019607843137255,0.9803921568627451,22.23913043478261,23.157480510445918
1000517,13,12,1.8461538461538463,8,0.07692307692307693,2,8,2.4,1,8,0.8461538461538461,0.9230769230769231,48.09090909090909,27.890873533223747
1000518,165,164,1.9878787878787878,117,0.006060606060606061,3,117,4.0,1,124,0.7212121212121212,0.9939393939393939,95.75630252100841,182.5556190779043
1000519,191,190,1.9895287958115184,148,0.005235602094240838,2,148,4.4186046511627906,1,148,0.6282722513089005,0.9947643979057592,65.68333333333334,96.99535928188638
1000520,95,94,1.9789473684210526,71,0.010526315789473684,2,71,4.2727272727272725,1,73,0.5894736842105263,0.9894736842105263,19.375,30.880277166132153
1000521,79,78,1.9746835443037976,70,0.012658227848101266,2,70,11.142857142857142,1,72,0.4050632911392405,0.9746835443037974,62.96875,128.73336891978514
1000522,96,95,1.9791666666666667,95,0.010416666666666666,1,95,95.0,1,95,0.8645833333333334,0.9895833333333334,0.012048192771084338,0.10910102576069176
1000523,197,196,1.9898477157360406,195,0.005076142131979695,2,195,98.0,1,195,0.8223350253807107,0.9949238578680203,59.364197530864196,85.22169753372016
1000524,165,164,1.9878787878787878,102,0.006060606060606061,3,102,4.96969696969697,1,132,0.8242424242424242,0.9757575757575757,82.30147058823529,159.79418379374124
1000525,18,17,1.8888888888888888,17,0.05555555555555555,1,17,17.0,1,17,0.8333333333333334,0.8888888888888888,19.533333333333335,20.201870100452478
1000526,269,268,1.9925650557620818,137,0.0037174721189591076,4,137,3.152941176470588,1,184,0.8475836431226765,0.9888475836431226,14.719298245614034,20.085784783889668
1000527,170,169,1.988235294117647,32,0.0058823529411764705,4,104,2.5606060606060606,1,104,0.3588235294117647,0.9941176470588236,67.0327868852459,38.83380613319596
1000528,120,119,1.9833333333333334,87,0.008333333333333333,3,87,4.25,1,92,0.6583333333333333,0.975,169.9240506329114,311.7204919760162
1000529,63,62,1.9682539682539681,62,0.015873015873015872,1,62,62.0,1,62,0.9841269841269841,0.9841269841269841,151.96774193548387,212.46433991051492
1000530,66,65,1.9696969696969697,65,0.015151515151515152,1,65,65.0,1,65,0.8787878787878788,0.9848484848484849,73.44827586206897,83.11918580419017
1000531,10,9,1.8,9,0.1,1,9,9.0,1,9,0.8,0.9,40.875,30.63673244652569
1000532,11,10,1.8181818181818181,10,0.09090909090909091,1,10,10.0,1,10,0.7272727272727273,0.9090909090909091,100.375,103.00235130811335
1000533,59,58,1.9661016949152543,44,0.01694915254237288,2,44,3.8666666666666667,1,44,0.8135593220338984,0.9830508474576272,22.4375,26.013543147432518
1000534,81,80,1.9753086419753085,80,0.012345679012345678,1,80,80.0,1,80,0.8765432098765432,0.9876543209876543,40.83098591549296,30.422835157624128
1000535,24,23,1.9166666666666667,23,0.041666666666666664,1,23,23.0,1,23,0.8333333333333334,0.9583333333333334,45.6,23.504042205544135
1000536,48,47,1.9583333333333333,36,0.020833333333333332,2,36,4.7,1,38,0.8958333333333334,0.9791666666666666,305.93023255813955,470.1280080677106
1000537,25,24,1.92,24,0.04,1,24,24.0,1,24,0.68,0.88,40.588235294117645,17.977302105807205
1000538,76,75,1.9736842105263157,75,0.013157894736842105,1,75,75.0,1,75,0.5789473684210527,0.9605263157894737,38.15909090909091,23.53521846646984
1000539,195,194,1.9897435897435898,189,0.005128205128205128,2,189,38.8,1,190,0.5128205128205128,0.9897435897435898,45.81,40.143167538200075
1000540,60,59,1.9666666666666666,36,0.016666666666666666,3,36,4.538461538461538,1,47,0.8333333333333334,0.9666666666666667,31.8,36.987024751931585
1000541,955,954,1.9979057591623037,864,0.0010471204188481676,2,864,10.483516483516484,1,864,0.23769633507853402,0.9989528795811519,134.7444933920705,165.98186277192076
1000542,135,134,1.9851851851851852,125,0.007407407407407408,2,125,13.4,1,125,0.562962962962963,0.9925925925925926,47.473684210526315,39.24601008356422
1000543,145,144,1.986206896551724,126,0.006896551724137931,2,126,7.578947368421052,1,126,0.6482758620689655,0.993103448275862,64.85106382978724,55.794638163576586
1000544,99,98,1.97979797979798,98,0.010101010101010102,1,98,98.0,1,98,0.7272727272727273,0.98989898989899,932.5138888888889,925.9612871835703
1000545,195,194,1.9897435897435898,130,0.005128205128205128,3,130,3.803921568627451,1,144,0.8205128205128205,0.9897435897435898,63.85,105.22732534850441
1000546,150,149,1.9866666666666666,41,0.006666666666666667,5,67,2.709090909090909,1,95,0.8866666666666667,0.9933333333333333,98.17293233082707,177.17144796526387
1000547,234,233,1.9914529914529915,206,0.004273504273504274,2,206,11.65,1,214,0.8632478632478633,0.9914529914529915,25.11881188118812,34.087042667211456
1000548,30,29,1.9333333333333333,28,0.03333333333333333,2,28,14.5,1,28,0.8666666666666667,0.9666666666666667,28.73076923076923,40.33280559421315
1000549,72,71,1.9722222222222223,44,0.013888888888888888,3,44,3.9444444444444446,1,54,0.4722222222222222,0.9861111111111112,23.676470588235293,33.002424677621434
1000550,8,7,1.75,7,0.125,1,7,7.0,1,7,0.875,0.875,11.285714285714286,5.848425568702492
1000551,31,30,1.935483870967742,30,0.03225806451612903,1,30,30.0,1,30,0.8387096774193549,0.8387096774193549,125.07692307692308,169.80869848991904
1000552,87,86,1.9770114942528736,38,0.011494252873563218,3,38,3.0714285714285716,1,59,0.8045977011494253,0.9885057471264368,26.271428571428572,90.22225278698812
1000553,53,52,1.9622641509433962,50,0.018867924528301886,2,50,17.333333333333332,1,50,0.37735849056603776,0.9811320754716981,51.9,42.20533141677719
1000554,77,76,1.974025974025974,67,0.012987012987012988,3,67,8.444444444444445,1,68,0.8831168831168831,0.987012987012987,123.16176470588235,236.75183149140128
1000555,73,72,1.9726027397260273,72,0.0136986301369863,1,72,72.0,1,72,0.9178082191780822,0.9863013698630136,16.82089552238806,23.23271328024815
1000556,35,34,1.9428571428571428,34,0.02857142857142857,1,34,34.0,1,34,0.9714285714285714,0.9714285714285714,96.97058823529412,90.95683698200827
1000558,16,15,1.875,15,0.0625,1,15,15.0,1,15,0.9375,0.9375,5098.733333333334,7125.967204215548
1000559,25,24,1.92,21,0.04,2,21,6.0,1,21,0.84,0.96,2082.6666666666665,4863.760423819974
1000560,16,15,1.875,14,0.0625,2,14,7.5,1,14,0.875,0.9375,3424.5,3220.291773604196
1000561,20,19,1.9,19,0.05,1,19,19.0,1,19,0.9,0.95,8.5,9.17877987534291
1000562,29,28,1.9310344827586208,24,0.034482758620689655,2,24,9.333333333333334,1,26,0.9310344827586207,0.9655172413793104,1.7777777777777777,3.4569664858008986
1000563,83,82,1.9759036144578312,82,0.012048192771084338,1,82,82.0,1,82,0.6746987951807228,0.9518072289156626,404.26785714285717,503.72804776952205
1000564,184,183,1.9891304347826086,81,0.005434782608695652,2,102,3.519230769230769,1,132,0.9456521739130435,0.9728260869565217,13.10344827586207,21.549747035749537
1000565,368,367,1.9945652173913044,108,0.002717391304347826,2,259,5.097222222222222,1,296,0.9538043478260869,0.9972826086956522,823.8319088319088,2350.1891365256893
1000566,33,32,1.9393939393939394,26,0.030303030303030304,2,26,4.571428571428571,1,26,0.9696969696969697,0.9696969696969697,297.0625,352.47694405982077
1000567,258,257,1.9922480620155039,30,0.003875968992248062,2,227,8.862068965517242,1,229,0.2558139534883721,0.9922480620155039,0.8484848484848485,1.6899204234665075
1000569,25,24,1.92,22,0.04,2,22,8.0,1,22,0.84,0.96,1.7142857142857142,3.410667538946664
1000570,126,125,1.9841269841269842,79,0.007936507936507936,3,79,4.310344827586207,1,97,0.6984126984126984,0.9920634920634921,13.079545454545455,27.198020311859054
1000571,56,55,1.9642857142857142,53,0.017857142857142856,2,53,18.333333333333332,1,53,0.08928571428571429,0.9821428571428571,392.0,759.0625797653313
1000572,12,11,1.8333333333333333,11,0.08333333333333333,1,11,11.0,1,11,0.8333333333333334,0.9166666666666666,1.1,2.981610303175115
1000573,40,39,1.95,15,0.025,3,21,2.2941176470588234,1,23,0.85,0.975,3.5294117647058822,9.527777637665709
1000574,83,82,1.9759036144578312,51,0.012048192771084338,5,51,4.315789473684211,1,64,0.43373493975903615,0.9156626506024096,16.63888888888889,27.285682832839665
1000575,67,66,1.9701492537313432,54,0.014925373134328358,3,54,6.6,1,57,0.5373134328358209,0.9850746268656716,1.6666666666666667,4.409585518440984
1000576,87,86,1.9770114942528736,61,0.011494252873563218,4,61,4.777777777777778,1,69,0.47126436781609193,0.9885057471264368,3.707317073170732,6.1256912101332395
1000577,35,34,1.9428571428571428,32,0.02857142857142857,2,32,11.333333333333334,1,32,0.37142857142857144,0.8285714285714286,339.38461538461536,684.8007614191421
1000578,10,9,1.8,9,0.1,1,9,9.0,1,9,0.0,0.8,0.0,0.0
1000579,8,7,1.75,7,0.125,1,7,7.0,1,7,0.125,0.875,0.0,0.0
1000580,30,29,1.9333333333333333,20,0.03333333333333333,2,20,2.9,1,20,0.7666666666666667,0.9666666666666667,20.130434782608695,33.5977539982066
1000581,33,32,1.9393939393939394,32,0.030303030303030304,1,32,32.0,1,32,0.8181818181818182,0.9696969696969697,8.925925925925926,18.307913540781627
1000582,35,34,1.9428571428571428,34,0.02857142857142857,1,34,34.0,1,34,0.9714285714285714,0.9714285714285714,5.588235294117647,12.647058823529411
1000583,48,47,1.9583333333333333,40,0.020833333333333332,2,40,5.875,1,40,0.8541666666666666,0.9583333333333334,30.975609756097562,19.976190467749532
1000584,55,54,1.9636363636363636,50,0.01818181818181818,2,50,13.5,1,51,0.5272727272727272,0.9818181818181818,44.827586206896555,37.47373237764733
1000585,34,33,1.9411764705882353,19,0.029411764705882353,3,19,4.125,1,26,0.6176470588235294,0.9705882352941176,19.142857142857142,34.43874577978057
1000586,181,180,1.988950276243094,162,0.0055248618784530384,3,162,13.846153846153847,1,168,0.9447513812154696,0.994475138121547,15.280701754385966,29.27731156726922
1000587,42,41,1.9523809523809523,32,0.023809523809523808,2,32,4.1,1,32,0.7142857142857143,0.9761904761904762,2.2666666666666666,3.9743622828770344
1000588,190,189,1.9894736842105263,189,0.005263157894736842,1,189,189.0,1,189,0.8526315789473684,0.9894736842105263,147.3827160493827,278.4761916769451
1000589,50,49,1.96,30,0.02,2,30,2.5789473684210527,1,31,0.46,0.98,5.739130434782608,7.758402969372029
1000590,76,75,1.9736842105263157,62,0.013157894736842105,3,62,6.818181818181818,1,65,0.6710526315789473,0.9868421052631579,3.215686274509804,13.930237566053004
1000591,93,92,1.978494623655914,59,0.010752688172043012,3,59,5.411764705882353,1,76,0.7634408602150538,0.967741935483871,8.901408450704226,16.16826567439053
1000592,52,51,1.9615384615384615,16,0.019230769230769232,3,32,2.55,1,32,0.5384615384615384,0.9807692307692307,20.428571428571427,39.32322884162251
1000593,101,100,1.9801980198019802,100,0.009900990099009901,1,100,100.0,1,100,0.7524752475247525,0.8712871287128713,169.77631578947367,376.3428447672138
1000595,15,14,1.8666666666666667,10,0.06666666666666667,3,10,3.5,1,11,0.9333333333333333,0.9333333333333333,19234.071428571428,30162.903728786478
1000597,91,90,1.978021978021978,86,0.01098901098901099,3,86,18.0,1,86,0.7252747252747253,0.989010989010989,70.89393939393939,66.75966137954474
1000598,177,176,1.9887005649717515,118,0.005649717514124294,4,118,3.6666666666666665,1,129,0.8192090395480226,0.9943502824858758,187.73793103448276,279.43879770834417
1000599,49,48,1.9591836734693877,41,0.02040816326530612,3,41,6.0,1,41,0.9387755102040817,0.9795918367346939,40.58695652173913,72.29034937304128
1000600,16,15,1.875,13,0.0625,2,13,5.0,1,13,0.75,0.9375,0.5,0.6454972243679028
1000601,48,47,1.9583333333333333,24,0.020833333333333332,3,24,2.238095238095238,1,27,0.8958333333333334,0.9583333333333334,27.162790697674417,33.48441514090228
1000602,16,15,1.875,12,0.0625,2,12,3.75,1,12,0.5625,0.9375,41.333333333333336,30.232432915661946
1000603,491,490,1.9959266802443991,138,0.002036659877800407,5,247,2.5789473684210527,1,301,0.7637474541751528,0.9979633401221996,227.824,738.5744293506692
1000604,238,237,1.9915966386554622,236,0.004201680672268907,2,236,118.5,1,236,0.5126050420168067,0.9957983193277311,1.1721311475409837,2.7391892510909366
1000605,214,213,1.9906542056074767,211,0.004672897196261682,2,211,71.0,1,211,0.6915887850467289,0.9906542056074766,28.14189189189189,37.31929617089549
1000606,26,25,1.9230769230769231,14,0.038461538461538464,3,14,5.0,1,21,0.8846153846153846,0.9615384615384616,0.2608695652173913,0.43910891036356847
1000607,175,174,1.9885714285714287,132,0.005714285714285714,3,132,4.9714285714285715,1,140,0.6857142857142857,0.9657142857142857,895.0916666666667,1034.897539178262
1000608,89,88,1.9775280898876404,82,0.011235955056179775,2,82,14.666666666666666,1,83,0.8539325842696629,0.9550561797752809,77.27631578947368,69.00449998373685
1000609,132,131,1.9848484848484849,103,0.007575757575757576,4,103,6.55,1,112,0.803030303030303,0.9924242424242424,226.4811320754717,279.41563789560024
1000610,170,169,1.988235294117647,131,0.0058823529411764705,4,131,4.694444444444445,1,134,0.7941176470588235,0.9764705882352941,4231.37037037037,4411.601982887665
1000611,331,330,1.9939577039274925,289,0.0030211480362537764,3,289,9.705882352941176,1,297,0.6616314199395771,0.9486404833836858,1026.5433789954338,1014.3393880930506
1000612,382,381,1.9947643979057592,162,0.002617801047120419,3,200,2.4901960784313726,1,229,0.7774869109947644,0.9842931937172775,102.82491582491582,154.2888202450273
1000613,93,92,1.978494623655914,32,0.010752688172043012,4,42,1.803921568627451,1,42,0.978494623655914,0.989247311827957,161.25274725274724,353.1441380975654
1000614,363,362,1.9944903581267217,173,0.0027548209366391185,3,176,2.806201550387597,1,234,0.5895316804407713,0.9944903581267218,3.616822429906542,8.586171080771797
1000615,88,87,1.9772727272727273,83,0.011363636363636364,2,83,17.4,1,83,0.26136363636363635,0.9318181818181818,403.5652173913044,218.59647677795576
1000616,125,124,1.984,114,0.008,2,114,12.4,1,115,0.264,0.952,1022.3333333333334,868.8506747131494
1000617,95,94,1.9789473684210526,93,0.010526315789473684,2,93,47.0,1,93,0.5263157894736842,0.9263157894736842,246.7,304.26417797696786
1000618,134,133,1.9850746268656716,101,0.007462686567164179,3,101,4.925925925925926,1,107,0.6417910447761194,0.9402985074626866,618.4302325581396,710.9897546230998
1000619,126,125,1.9841269841269842,112,0.007936507936507936,2,112,9.615384615384615,1,113,0.9047619047619048,0.9920634920634921,965.1052631578947,1044.2158593171685
1000620,16,15,1.875,5,0.0625,2,10,2.5,1,10,0.9375,0.9375,2.933333333333333,5.62691942560245
1000621,22,21,1.9090909090909092,12,0.045454545454545456,3,12,2.3333333333333335,1,13,0.9545454545454546,0.9545454545454546,55.095238095238095,40.79204493164342
1000622,248,247,1.9919354838709677,150,0.004032258064516129,4,150,2.839080459770115,1,161,0.7016129032258065,0.9959677419354839,29.729885057471265,99.23808317808418
1000623,323,322,1.9938080495356036,298,0.0030959752321981426,3,298,13.416666666666666,1,299,0.9040247678018576,0.9938080495356038,234.2294520547945,177.55492712474947
1000624,251,250,1.9920318725099602,37,0.00398406374501992,5,108,2.7472527472527473,1,160,0.5976095617529881,0.9960159362549801,42.38666666666666,73.70950066910567
1000625,37,36,1.945945945945946,36,0.02702702702702703,1,36,36.0,1,36,0.972972972972973,0.972972972972973,19.0,23.338094752285727
1000626,5,4,1.6,4,0.2,1,4,4.0,1,4,0.8,0.8,0.25,0.4330127018922193
1000627,9,8,1.7777777777777777,8,0.1111111111111111,1,8,8.0,1,8,0.8888888888888888,0.8888888888888888,3.875,5.010925563206861
1000628,33,32,1.9393939393939394,18,0.030303030303030304,3,18,4.0,1,25,0.8181818181818182,0.9696969696969697,0.25925925925925924,0.438228132081453
1000629,194,193,1.9896907216494846,149,0.005154639175257732,3,149,4.7073170731707314,1,153,0.7216494845360825,0.9948453608247423,22.935714285714287,80.61612836809532
1000630,14,13,1.8571428571428572,12,0.07142857142857142,2,12,6.5,1,12,0.8571428571428571,0.9285714285714286,11.833333333333334,24.016776543815276
1000631,7,6,1.7142857142857142,3,0.14285714285714285,2,3,1.5,1,3,0.7142857142857143,0.8571428571428571,5918.0,1161.5403565954994
1000632,7,6,1.7142857142857142,6,0.14285714285714285,1,6,6.0,1,6,0.8571428571428571,0.8571428571428571,0.0,0.0
1000633,96,95,1.9791666666666667,76,0.010416666666666666,3,76,5.277777777777778,1,78,0.9270833333333334,0.9895833333333334,7.123595505617978,12.697712989441328
1000634,375,374,1.9946666666666666,160,0.0026666666666666666,4,183,2.3229813664596275,1,214,0.512,0.9973333333333333,9.151041666666666,12.62863392248995
1000635,127,126,1.984251968503937,87,0.007874015748031496,4,87,3.3157894736842106,1,89,0.7244094488188977,0.9921259842519685,2.369565217391304,4.924908719755181
1000636,31,30,1.935483870967742,30,0.03225806451612903,1,30,30.0,1,30,0.7096774193548387,0.967741935483871,1.5454545454545454,0.49792959773196915
1000637,79,78,1.9746835443037976,59,0.012658227848101266,3,59,5.2,1,64,0.7215189873417721,0.9873417721518988,9.473684210526315,18.24021512565303
1000638,61,60,1.9672131147540983,10,0.01639344262295082,2,50,5.454545454545454,1,50,0.9836065573770492,0.9836065573770492,0.6666666666666666,0.4714045207910317
1000639,11,10,1.8181818181818181,10,0.09090909090909091,1,10,10.0,1,10,0.6363636363636364,0.9090909090909091,0.0,0.0
1000640,10,9,1.8,9,0.1,1,9,9.0,1,9,0.8,0.9,1.0,0.0
1000641,6,5,1.6666666666666667,5,0.16666666666666666,1,5,5.0,1,5,0.8333333333333334,0.8333333333333334,54.0,12.0
1000642,14,13,1.8571428571428572,10,0.07142857142857142,2,10,3.25,1,10,0.2857142857142857,0.9285714285714286,320.0,204.57272545478784
1000643,7,6,1.7142857142857142,3,0.14285714285714285,2,3,1.5,1,3,0.8571428571428571,0.8571428571428571,8.333333333333334,10.671873729054747
1000644,5,4,1.6,3,0.2,2,3,2.0,1,3,0.8,0.8,630.0,0.0
1000645,12,11,1.8333333333333333,4,0.08333333333333333,2,7,2.2,1,7,0.5833333333333334,0.9166666666666666,654.2857142857143,107.94934564178605
1000646,25,24,1.92,12,0.04,3,12,2.0,1,13,0.6,0.96,0.5333333333333333,0.4988876515698588
1000647,75,74,1.9733333333333334,33,0.013333333333333334,4,33,2.176470588235294,1,41,0.5066666666666667,0.9866666666666667,4.368421052631579,4.90124072708329
1000648,217,216,1.9907834101382489,215,0.004608294930875576,2,215,108.0,1,215,0.9262672811059908,0.9953917050691244,260.0497512437811,670.928181246313
1000649,33,32,1.9393939393939394,32,0.030303030303030304,1,32,32.0,1,32,0.8181818181818182,0.9696969696969697,4.666666666666667,6.1403341687324895
1000650,199,198,1.9899497487437185,183,0.005025125628140704,2,183,12.375,1,183,0.9045226130653267,0.9949748743718593,324.25555555555553,3404.6667745614204
1000651,23,22,1.9130434782608696,22,0.043478260869565216,1,22,22.0,1,22,0.9130434782608695,0.9565217391304348,12.142857142857142,22.048184709394828
1000652,15,14,1.8666666666666667,14,0.06666666666666667,1,14,14.0,1,14,0.8,0.9333333333333333,0.6666666666666666,0.4714045207910317
1000653,7,6,1.7142857142857142,6,0.14285714285714285,1,6,6.0,1,6,0.8571428571428571,0.8571428571428571,13.666666666666666,7.3181661333667165
1000654,58,57,1.9655172413793103,55,0.017241379310344827,2,55,28.5,1,56,0.6379310344827587,0.9827586206896551,817.3243243243244,3286.74325832808
1000655,30,29,1.9333333333333333,29,0.03333333333333333,1,29,29.0,1,29,0.6666666666666666,0.9666666666666667,4.25,7.361215932167728
1000656,36,35,1.9444444444444444,35,0.027777777777777776,1,35,35.0,1,35,0.6944444444444444,0.9722222222222222,1.8,4.18568990729127
1000657,9,8,1.7777777777777777,8,0.1111111111111111,1,8,8.0,1,8,0.6666666666666666,0.8888888888888888,0.0,0.0
1000658,273,272,1.9926739926739927,166,0.003663003663003663,3,166,3.4871794871794872,1,195,0.63003663003663,0.9963369963369964,16.569767441860463,58.842821912647864
1000659,57,56,1.9649122807017543,53,0.017543859649122806,2,53,14.0,1,53,0.5614035087719298,0.9649122807017544,1.15625,3.419698223162389
1000660,5,4,1.6,4,0.2,1,4,4.0,1,4,0.8,0.8,137.5,93.37424698491549
1000661,6,5,1.6666666666666667,5,0.16666666666666666,1,5,5.0,1,5,0.6666666666666666,0.8333333333333334,57.5,28.613807855648993
