khipu_id,cluster,predicted_function,accounting_probability,numeric_coverage,has_pendant_summation,pendant_match_rate,color_diversity,num_nodes,depth,avg_branching
1000000,3,Accounting,1.0,0.5263157894736842,False,0.0,5.0,19,2,3.0
1000001,1,Accounting,1.0,0.8571428571428571,False,0.0,1.0,7,1,6.0
1000002,3,Accounting,1.0,0.9032258064516128,False,0.0,8.0,31,2,4.285714285714286
1000003,3,Accounting,1.0,0.8205128205128205,False,0.0,6.0,39,2,4.75
1000004,0,Accounting,1.0,0.8926553672316384,False,0.0,7.0,177,2,10.352941176470589
1000005,3,Accounting,0.973447600617412,0.6349206349206349,False,0.0,2.0,63,2,4.428571428571429
1000006,3,Accounting,0.9828815628815629,0.4691358024691358,False,0.0,4.0,81,3,2.4242424242424243
1000007,0,Accounting,1.0,0.8313953488372093,True,0.036144578313253,8.0,344,3,3.2358490566037736
1000008,3,Accounting,1.0,0.8666666666666667,False,0.0,3.0,60,3,4.538461538461538
1000009,3,Accounting,1.0,0.7716535433070866,True,0.0303030303030303,7.0,127,3,2.423076923076923
1000010,3,Accounting,1.0,0.8539325842696629,False,0.0,7.0,89,3,8.8
1000011,3,Accounting,1.0,0.7111111111111111,False,0.0,4.0,45,2,2.933333333333333
1000012,3,Accounting,1.0,0.9316239316239316,False,0.0,11.0,117,3,3.135135135135135
1000013,3,Accounting,1.0,0.2580645161290322,False,0.0,2.0,31,1,30.0
1000014,3,Accounting,1.0,0.3157894736842105,False,0.0,3.0,38,1,37.0
1000015,3,Accounting,1.0,0.6666666666666666,False,0.0,3.0,33,2,10.666666666666666
1000017,3,Accounting,1.0,0.825,False,0.0,5.0,40,2,3.9
1000018,0,Accounting,1.0,0.7404063205417607,True,0.0471698113207547,8.0,443,3,2.6467065868263475
1000019,0,Accounting,0.992248062015504,0.6060606060606061,True,0.5714285714285714,6.0,165,2,13.666666666666666
1000020,0,Accounting,1.0,0.6134889753566797,True,0.2941176470588235,10.0,771,5,3.6445497630331753
1000021,3,Accounting,1.0,0.8373983739837398,True,0.6521739130434783,7.0,123,2,4.88
1000022,0,Accounting,1.0,0.8404907975460123,True,0.75,6.0,163,2,8.1
1000023,0,Accounting,1.0,0.5549738219895288,True,0.125,14.0,573,3,7.15
1000024,0,Accounting,1.0,0.7386759581881533,True,0.125,9.0,574,3,6.741176470588235
1000025,4,Accounting,1.0,0.6297142857142857,True,0.1639344262295081,7.0,875,3,8.323809523809524
1000026,3,Accounting,1.0,0.8947368421052632,False,0.0,3.0,19,2,2.0
1000027,3,Accounting,1.0,0.4285714285714285,False,0.0,3.0,21,2,2.2222222222222223
1000028,3,Accounting,0.992248062015504,0.6363636363636364,True,0.25,3.0,22,2,3.0
1000029,0,Accounting,1.0,0.6377952755905512,True,0.0833333333333333,8.0,254,3,7.4411764705882355
1000030,3,Accounting,1.0,0.7931034482758621,False,0.0,3.0,29,2,2.5454545454545454
1000031,3,Accounting,1.0,0.8,False,0.0,3.0,15,1,14.0
1000032,3,Accounting,1.0,0.9097222222222222,False,0.0,7.0,144,2,3.25
1000033,3,Accounting,0.965695662632916,0.6666666666666666,True,0.1666666666666666,2.0,69,2,3.5789473684210527
1000034,3,Accounting,0.99,0.9702970297029704,True,0.1,7.0,101,2,3.125
1000035,3,Accounting,1.0,0.7837837837837838,True,0.1666666666666666,3.0,37,2,1.894736842105263
1000036,3,Accounting,0.9911764705882353,0.9523809523809524,False,0.0,2.0,21,1,20.0
1000037,3,Accounting,1.0,0.9210526315789472,False,0.0,3.0,38,2,6.166666666666667
1000038,1,Accounting,1.0,0.6666666666666666,False,0.0,2.0,6,2,1.6666666666666667
1000039,2,Accounting,1.0,0.7230769230769231,False,0.0,7.0,65,1,64.0
1000040,3,Accounting,0.992248062015504,0.5588235294117647,True,0.0833333333333333,4.0,102,2,7.769230769230769
1000041,3,Accounting,1.0,0.979591836734694,False,0.0,3.0,49,1,48.0
1000042,3,Accounting,0.9828815628815629,0.9324324324324323,False,0.0,5.0,74,2,9.125
1000043,3,Accounting,1.0,0.9545454545454546,False,0.0,5.0,22,2,2.1
1000044,3,Accounting,1.0,0.9655172413793104,False,0.0,6.0,29,2,2.1538461538461537
1000045,0,Accounting,1.0,0.6571428571428571,False,0.0,5.0,315,2,8.486486486486486
1000046,3,Accounting,1.0,0.9523809523809524,False,0.0,2.0,21,2,10.0
1000047,3,Accounting,0.9828815628815629,0.9444444444444444,False,0.0,4.0,72,2,2.4482758620689653
1000048,3,Accounting,0.9911764705882353,0.9545454545454546,False,0.0,2.0,22,1,21.0
1000049,3,Accounting,1.0,0.8695652173913043,True,0.125,3.0,23,2,2.2
1000050,3,Accounting,1.0,0.7818181818181819,False,0.0,5.0,55,2,9.0
1000051,3,Accounting,1.0,0.8666666666666667,False,0.0,4.0,30,1,29.0
1000052,3,Accounting,0.972248062015504,0.7209302325581395,True,0.1428571428571428,3.0,43,3,5.25
1000053,2,Accounting,1.0,0.7881944444444444,False,0.0,4.0,288,1,287.0
1000054,3,Accounting,0.9611764705882354,0.9047619047619048,False,0.0,1.0,21,1,20.0
1000055,3,Accounting,1.0,0.9166666666666666,False,0.0,4.0,12,2,2.2
1000056,3,Accounting,0.8480640326010801,0.0232558139534883,False,0.0,4.0,43,1,42.0
1000057,2,Accounting,0.9915966386554622,0.676829268292683,False,0.0,3.0,164,1,163.0
1000058,3,Accounting,1.0,0.9629629629629628,False,0.0,3.0,54,2,3.117647058823529
1000059,3,Accounting,1.0,0.9375,False,0.0,3.0,16,2,5.0
1000060,3,Accounting,0.99,0.9285714285714286,True,0.0833333333333333,3.0,28,3,1.9285714285714288
1000061,1,Accounting,1.0,0.625,False,0.0,4.0,8,3,2.333333333333333
1000062,1,Accounting,1.0,0.75,False,0.0,3.0,8,3,2.333333333333333
1000063,0,Accounting,1.0,0.4888268156424581,True,0.0588235294117647,7.0,358,2,18.789473684210527
1000064,3,Accounting,0.9911764705882353,0.7916666666666666,False,0.0,4.0,24,1,23.0
1000065,2,Accounting,0.7257546263852757,0.0,False,0.0,3.0,102,1,101.0
1000066,1,Accounting,1.0,0.75,False,0.0,1.0,8,1,7.0
1000067,3,Accounting,1.0,0.9285714285714286,False,0.0,3.0,14,2,6.5
1000068,1,Accounting,1.0,0.7777777777777778,False,0.0,1.0,9,1,8.0
1000069,1,Accounting,1.0,0.8571428571428571,False,0.0,3.0,7,2,3.0
1000070,3,Accounting,1.0,0.9166666666666666,False,0.0,3.0,12,2,3.6666666666666665
1000071,3,Accounting,1.0,0.75,False,0.0,7.0,56,1,55.0
1000072,3,Accounting,1.0,0.8571428571428571,False,0.0,3.0,14,1,13.0
1000073,3,Accounting,1.0,0.9166666666666666,False,0.0,3.0,12,1,11.0
1000074,3,Accounting,1.0,0.7619047619047619,False,0.0,3.0,21,2,10.0
1000075,3,Accounting,1.0,0.75,False,0.0,3.0,12,2,2.2
1000076,3,Accounting,1.0,0.972972972972973,False,0.0,4.0,37,2,7.2
1000077,2,Accounting,0.8438204505587984,0.0744680851063829,False,0.0,3.0,282,2,140.5
1000078,1,Accounting,1.0,0.9,False,0.0,1.0,10,2,4.5
1000079,3,Accounting,1.0,0.7368421052631579,True,0.125,6.0,95,2,4.086956521739131
1000080,3,Accounting,1.0,0.8333333333333334,False,0.0,3.0,36,1,35.0
1000081,3,Accounting,1.0,0.9655172413793104,False,0.0,3.0,29,2,5.6
1000082,3,Accounting,1.0,0.8823529411764706,False,0.0,2.0,17,1,16.0
1000083,0,Accounting,1.0,0.8607594936708861,True,0.0857142857142857,6.0,158,3,3.738095238095238
1000084,1,Accounting,1.0,0.7142857142857143,False,0.0,2.0,7,1,6.0
1000085,0,Accounting,1.0,0.4827586206896552,False,0.0,7.0,290,2,13.761904761904765
1000086,3,Accounting,1.0,0.9333333333333332,False,0.0,4.0,15,1,14.0
1000087,3,Accounting,1.0,0.896551724137931,True,0.5833333333333334,5.0,29,2,2.1538461538461537
1000088,6,Non-Accounting,0.21110781185830235,0.0,False,0.0,1.0,196,1,195.0
1000089,0,Accounting,0.992248062015504,0.7118055555555556,True,0.0657894736842105,6.0,288,2,2.0211267605633805
1000090,3,Accounting,1.0,0.625,False,0.0,4.0,16,2,5.0
1000091,3,Accounting,1.0,0.74,False,0.0,7.0,50,2,16.333333333333332
1000092,3,Accounting,1.0,0.5714285714285714,False,0.0,2.0,14,1,13.0
1000093,3,Accounting,1.0,0.875,True,1.0,2.0,24,2,11.5
1000094,0,Accounting,1.0,0.902097902097902,False,0.0,4.0,286,3,3.313953488372093
1000096,4,Accounting,0.97,0.2177947598253275,True,0.0181818181818181,8.0,1832,3,13.268115942028986
1000097,3,Accounting,1.0,0.8068181818181818,False,0.0,5.0,88,3,3.954545454545455
1000098,3,Accounting,1.0,0.46,False,0.0,5.0,50,2,4.454545454545454
1000099,3,Accounting,1.0,0.8181818181818182,False,0.0,3.0,44,1,43.0
1000100,3,Accounting,0.9911764705882353,0.8076923076923077,False,0.0,4.0,26,1,25.0
1000101,3,Accounting,1.0,0.896551724137931,False,0.0,3.0,29,2,7.0
1000103,0,Accounting,0.992248062015504,0.4391143911439114,True,0.5357142857142857,6.0,542,2,4.7043478260869565
1000105,3,Accounting,1.0,0.3076923076923077,False,0.0,2.0,13,1,12.0
1000106,3,Accounting,0.9911764705882353,0.9473684210526316,False,0.0,4.0,19,1,18.0
1000107,3,Accounting,1.0,0.875,False,0.0,2.0,16,1,15.0
1000108,3,Accounting,0.9911764705882353,0.8846153846153846,False,0.0,3.0,26,1,25.0
1000109,3,Accounting,1.0,0.7272727272727273,False,0.0,3.0,11,3,2.5
1000110,3,Accounting,0.9911764705882353,0.8636363636363636,False,0.0,3.0,22,1,21.0
1000111,3,Accounting,1.0,0.4166666666666667,False,0.0,4.0,12,2,5.5
1000112,1,Accounting,1.0,0.8,False,0.0,4.0,5,1,4.0
1000113,3,Accounting,1.0,0.9722222222222222,False,0.0,6.0,36,1,35.0
1000114,3,Accounting,1.0,0.7333333333333333,False,0.0,2.0,15,2,7.0
1000115,0,Accounting,0.9637394957983193,0.9738219895287958,False,0.0,2.0,191,2,17.272727272727273
1000116,3,Accounting,0.9611764705882354,0.9523809523809524,False,0.0,1.0,21,1,20.0
1000117,3,Accounting,1.0,0.7894736842105263,False,0.0,2.0,19,2,2.571428571428572
1000118,3,Accounting,1.0,0.967741935483871,False,0.0,3.0,31,1,30.0
1000119,2,Accounting,1.0,0.8888888888888888,False,0.0,2.0,63,1,62.0
1000120,3,Accounting,1.0,0.8241758241758241,False,0.0,4.0,91,2,30.0
1000121,3,Accounting,1.0,0.8548387096774194,False,0.0,5.0,124,2,8.785714285714286
1000122,3,Accounting,0.9911764705882353,0.9473684210526316,False,0.0,2.0,19,1,18.0
1000123,3,Accounting,0.9911764705882353,0.9523809523809524,False,0.0,3.0,21,1,20.0
1000124,2,Accounting,1.0,0.9380530973451328,False,0.0,5.0,113,1,112.0
1000125,3,Accounting,1.0,0.8809523809523809,False,0.0,5.0,42,3,3.1538461538461537
1000126,3,Accounting,1.0,0.875,True,0.0625,3.0,48,3,2.473684210526316
1000127,3,Accounting,1.0,0.8907563025210085,False,0.0,8.0,119,2,4.916666666666667
1000128,3,Accounting,1.0,0.951219512195122,False,0.0,4.0,41,2,2.5
1000129,1,Accounting,1.0,0.75,False,0.0,3.0,4,1,3.0
1000130,1,Accounting,1.0,0.8,False,0.0,4.0,10,2,2.25
1000131,2,Accounting,1.0,0.9242424242424242,False,0.0,3.0,66,1,65.0
1000132,3,Accounting,0.99,0.7714285714285715,True,0.1111111111111111,1.0,35,2,2.0
1000133,3,Accounting,0.9911764705882353,0.631578947368421,False,0.0,2.0,19,1,18.0
1000134,1,Accounting,1.0,0.8888888888888888,False,0.0,1.0,9,1,8.0
1000135,3,Accounting,1.0,0.8823529411764706,False,0.0,3.0,17,1,16.0
1000136,1,Accounting,1.0,0.6666666666666666,False,0.0,2.0,6,1,5.0
1000137,3,Accounting,1.0,0.8214285714285714,True,1.0,2.0,28,2,13.5
1000138,3,Accounting,1.0,0.9705882352941176,True,0.1,5.0,34,2,3.0
1000139,3,Accounting,1.0,0.6818181818181818,False,0.0,4.0,22,2,7.0
1000140,0,Accounting,1.0,0.5674931129476584,True,0.0535714285714285,12.0,363,3,4.022222222222222
1000141,1,Accounting,1.0,0.8,False,0.0,2.0,10,1,9.0
1000142,3,Accounting,0.9911764705882353,0.8947368421052632,False,0.0,4.0,19,1,18.0
1000143,3,Accounting,1.0,0.935483870967742,False,0.0,3.0,31,1,30.0
1000144,3,Accounting,1.0,0.6428571428571429,True,0.05,10.0,126,3,5.0
1000145,3,Accounting,1.0,0.96,False,0.0,5.0,25,2,12.0
1000146,3,Accounting,1.0,0.95,False,0.0,5.0,60,4,2.269230769230769
1000147,0,Accounting,1.0,0.7905604719764012,True,0.0147058823529411,8.0,339,4,3.1296296296296298
1000148,0,Accounting,0.992248062015504,0.5526315789473685,True,0.0232558139534883,5.0,304,3,5.941176470588236
1000149,3,Accounting,1.0,0.9375,False,0.0,2.0,16,1,15.0
1000150,3,Accounting,1.0,0.9032258064516128,False,0.0,4.0,31,2,15.0
1000151,3,Accounting,1.0,0.7586206896551724,False,0.0,5.0,29,2,14.0
1000152,3,Accounting,1.0,0.8611111111111112,False,0.0,6.0,36,2,5.0
1000154,1,Accounting,1.0,0.8333333333333334,False,0.0,5.0,6,1,5.0
1000155,1,Accounting,1.0,0.5,False,0.0,1.0,2,1,1.0
1000156,1,Accounting,1.0,0.625,False,0.0,2.0,8,2,1.75
1000157,1,Accounting,1.0,0.9,False,0.0,2.0,10,1,9.0
1000158,3,Accounting,1.0,0.9032258064516128,False,0.0,8.0,31,3,4.285714285714286
1000159,3,Accounting,0.9828815628815629,0.7846153846153846,True,0.2857142857142857,6.0,65,2,2.909090909090909
1000160,1,Accounting,0.92,0.75,False,0.0,0.0,4,1,3.0
1000161,3,Accounting,1.0,0.8461538461538461,False,0.0,3.0,13,1,12.0
1000162,3,Accounting,1.0,0.7777777777777778,True,0.1428571428571428,2.0,36,2,2.6923076923076925
1000163,3,Accounting,0.9611764705882354,0.95,False,0.0,1.0,20,1,19.0
1000164,3,Accounting,0.9901960784313725,0.9080459770114944,False,0.0,7.0,87,2,43.0
1000165,3,Accounting,0.973447600617412,0.9846153846153848,False,0.0,3.0,65,2,2.2857142857142856
1000166,3,Accounting,1.0,0.7931034482758621,False,0.0,3.0,29,2,14.0
1000167,3,Accounting,1.0,0.8,False,0.0,2.0,25,2,2.4
1000168,1,Accounting,1.0,0.75,False,0.0,1.0,4,1,3.0
1000169,3,Accounting,0.9911764705882353,0.5714285714285714,False,0.0,2.0,21,1,20.0
1000170,3,Accounting,0.992248062015504,0.66,True,0.375,3.0,50,2,2.45
1000171,3,Accounting,1.0,0.9375,False,0.0,2.0,16,1,15.0
1000172,3,Accounting,1.0,0.8214285714285714,False,0.0,3.0,28,1,27.0
1000173,1,Accounting,1.0,0.8888888888888888,False,0.0,2.0,9,1,8.0
1000174,6,Non-Accounting,0.23314040485927998,0.2307692307692307,False,0.0,0.0,26,1,25.0
1000176,3,Accounting,1.0,0.4871794871794871,False,0.0,2.0,39,1,38.0
1000177,5,Accounting,1.0,0.6896551724137931,False,0.0,2.0,29,2,1.5333333333333334
1000178,3,Accounting,1.0,0.7878787878787878,False,0.0,2.0,33,2,1.8823529411764703
1000179,3,Accounting,1.0,0.8888888888888888,False,0.0,6.0,27,2,4.333333333333333
1000180,3,Accounting,0.9915966386554622,0.2830188679245283,False,0.0,3.0,106,2,7.0
1000182,1,Accounting,1.0,0.75,False,0.0,2.0,4,1,3.0
1000183,4,Accounting,0.982248062015504,0.311864406779661,True,0.1666666666666666,6.0,590,3,19.0
1000184,2,Accounting,1.0,0.4615384615384615,False,0.0,5.0,91,1,90.0
1000185,3,Accounting,0.973447600617412,0.986842105263158,False,0.0,3.0,76,3,2.2058823529411766
1000186,3,Accounting,1.0,0.6923076923076923,False,0.0,3.0,13,1,12.0
1000187,3,Accounting,1.0,0.9166666666666666,False,0.0,2.0,12,2,5.5
1000188,3,Accounting,0.9600332225913621,0.675,False,0.0,1.0,40,2,1.95
1000189,3,Accounting,1.0,0.9090909090909092,False,0.0,2.0,11,2,5.0
1000190,1,Accounting,1.0,0.4,False,0.0,1.0,10,1,9.0
1000191,1,Accounting,1.0,0.9090909090909092,False,0.0,2.0,11,1,10.0
1000192,3,Accounting,0.9828815628815629,0.7894736842105263,True,0.1111111111111111,6.0,76,2,5.769230769230769
1000194,1,Accounting,1.0,0.5555555555555556,False,0.0,3.0,9,2,4.0
1000195,1,Accounting,1.0,0.5,False,0.0,4.0,4,1,3.0
1000196,1,Accounting,0.9601685393258427,0.0,False,0.0,1.0,3,1,2.0
1000197,3,Accounting,0.9751296248970668,0.5256410256410257,True,0.25,5.0,78,2,3.5
1000198,0,Accounting,1.0,0.8773946360153256,True,0.1888888888888888,5.0,261,3,2.3008849557522124
1000199,3,Accounting,1.0,0.7586206896551724,False,0.0,3.0,29,2,3.5
1000200,3,Accounting,1.0,0.6140350877192983,False,0.0,3.0,57,2,8.0
1000201,0,Accounting,1.0,0.8472222222222222,False,0.0,6.0,144,4,3.575
1000204,3,Accounting,0.9707345770616918,0.1764705882352941,False,0.0,3.0,17,1,16.0
1000205,1,Accounting,1.0,0.8,False,0.0,2.0,5,1,4.0
1000206,3,Accounting,1.0,0.9230769230769232,False,0.0,3.0,13,2,3.0
1000207,3,Accounting,0.9808608058608059,0.717948717948718,False,0.0,5.0,39,2,19.0
1000208,3,Accounting,1.0,0.8913043478260869,True,0.1333333333333333,2.0,46,4,2.3684210526315788
1000209,3,Accounting,1.0,0.912280701754386,True,0.0555555555555555,4.0,57,3,2.8
1000210,3,Accounting,1.0,0.6666666666666666,False,0.0,5.0,15,4,3.5
1000211,3,Accounting,1.0,0.8666666666666667,False,0.0,7.0,30,2,14.5
1000212,3,Accounting,1.0,0.8333333333333334,True,0.1111111111111111,4.0,54,2,4.818181818181818
1000213,3,Accounting,1.0,0.8108108108108109,False,0.0,4.0,37,1,36.0
1000214,3,Accounting,1.0,0.8695652173913043,True,0.1428571428571428,5.0,46,2,5.0
1000216,3,Accounting,1.0,0.7272727272727273,False,0.0,2.0,11,2,5.0
1000217,1,Accounting,1.0,0.5,False,0.0,3.0,8,1,7.0
1000218,1,Accounting,1.0,0.8333333333333334,False,0.0,2.0,6,1,5.0
1000220,3,Accounting,1.0,0.9411764705882352,False,0.0,4.0,17,2,8.0
1000221,3,Accounting,1.0,0.8823529411764706,False,0.0,4.0,34,1,33.0
1000222,3,Accounting,1.0,0.926829268292683,True,0.0833333333333333,8.0,41,2,3.076923076923077
1000223,3,Accounting,1.0,0.8125,False,0.0,3.0,32,2,5.166666666666667
1000224,1,Accounting,1.0,0.3333333333333333,False,0.0,3.0,6,1,5.0
1000225,1,Accounting,1.0,0.8888888888888888,False,0.0,2.0,9,1,8.0
1000226,1,Accounting,1.0,0.7142857142857143,False,0.0,3.0,7,1,6.0
1000227,3,Accounting,1.0,0.7307692307692307,True,0.4444444444444444,2.0,52,3,3.1875
1000228,3,Accounting,1.0,0.7608695652173914,False,0.0,2.0,46,1,45.0
1000229,3,Accounting,0.9828815628815629,0.9135802469135802,False,0.0,5.0,81,2,3.809523809523809
1000230,3,Accounting,0.9828815628815629,0.735632183908046,True,0.1428571428571428,4.0,87,2,4.095238095238095
1000231,3,Accounting,0.9316401607857131,0.108695652173913,False,0.0,2.0,46,2,11.25
1000232,3,Accounting,1.0,0.3333333333333333,False,0.0,4.0,36,2,3.888888888888889
1000233,3,Accounting,0.9818627450980393,0.9830508474576272,False,0.0,2.0,59,2,29.0
1000234,3,Accounting,1.0,0.8771929824561403,False,0.0,2.0,57,1,56.0
1000235,3,Accounting,1.0,0.7926829268292683,False,0.0,7.0,82,4,10.125
1000236,3,Accounting,1.0,0.5060240963855421,False,0.0,9.0,83,2,16.4
1000238,0,Accounting,1.0,0.6513761467889908,True,0.054054054054054,11.0,327,4,6.269230769230769
1000239,3,Accounting,0.9914529914529915,0.8225806451612904,False,0.0,5.0,62,3,5.545454545454546
1000240,3,Accounting,1.0,0.9791666666666666,False,0.0,3.0,48,1,47.0
1000241,6,Non-Accounting,0.4118187685008664,0.057471264367816,False,0.0,3.0,87,2,17.2
1000242,1,Accounting,1.0,0.5714285714285714,False,0.0,1.0,7,1,6.0
1000243,3,Accounting,1.0,0.9166666666666666,False,0.0,5.0,24,2,11.5
1000244,3,Accounting,1.0,0.4615384615384615,False,0.0,2.0,26,2,5.0
1000245,3,Accounting,1.0,0.6764705882352942,False,0.0,8.0,34,2,16.5
1000246,3,Accounting,1.0,0.7380952380952381,False,0.0,2.0,42,1,41.0
1000247,3,Accounting,0.7656299167035279,0.0,False,0.0,3.0,27,1,26.0
1000248,3,Accounting,0.8459828736327463,0.0,False,0.0,5.0,27,1,26.0
1000249,3,Accounting,1.0,0.9552238805970148,True,0.25,8.0,67,2,13.2
1000250,2,Accounting,1.0,0.48,False,0.0,7.0,75,1,74.0
1000251,3,Accounting,1.0,0.8875,True,0.9230769230769232,7.0,80,2,5.642857142857143
1000252,3,Accounting,1.0,0.8571428571428571,False,0.0,2.0,14,1,13.0
1000253,3,Accounting,0.9911764705882353,0.96,False,0.0,4.0,25,1,24.0
1000254,1,Accounting,1.0,0.5833333333333334,False,0.0,5.0,12,1,11.0
1000255,3,Accounting,1.0,0.8125,False,0.0,4.0,32,2,15.5
1000256,3,Accounting,1.0,0.4666666666666667,False,0.0,4.0,15,1,14.0
1000257,1,Accounting,1.0,0.375,False,0.0,5.0,8,2,3.5
1000258,3,Accounting,0.885057854356164,0.0,False,0.0,7.0,45,1,44.0
1000259,2,Accounting,1.0,0.5089285714285714,False,0.0,5.0,112,1,111.0
1000260,3,Accounting,1.0,0.6111111111111112,False,0.0,6.0,36,2,11.666666666666666
1000261,3,Accounting,1.0,0.6111111111111112,False,0.0,4.0,36,2,11.666666666666666
1000262,2,Accounting,1.0,0.6891891891891891,False,0.0,4.0,74,1,73.0
1000263,3,Accounting,0.9637423687423687,0.6533333333333333,False,0.0,5.0,75,2,18.5
1000264,3,Accounting,1.0,0.7391304347826086,False,0.0,13.0,115,2,38.0
1000265,3,Accounting,1.0,0.9642857142857144,False,0.0,5.0,56,2,11.0
1000266,3,Accounting,1.0,0.9818181818181818,True,0.1111111111111111,5.0,55,2,2.8421052631578947
1000267,2,Accounting,1.0,0.9838709677419356,False,0.0,4.0,62,1,61.0
1000268,2,Accounting,1.0,0.9863013698630136,False,0.0,6.0,73,1,72.0
1000269,3,Accounting,1.0,0.9905660377358492,True,0.2,4.0,106,2,2.9166666666666665
1000270,3,Accounting,1.0,0.8737864077669902,False,0.0,11.0,103,2,3.642857142857143
1000271,3,Accounting,1.0,0.6428571428571429,False,0.0,12.0,126,2,5.0
1000272,3,Accounting,0.9914529914529915,0.8064516129032258,False,0.0,6.0,62,2,30.5
1000273,0,Accounting,1.0,0.8629032258064516,True,0.15,12.0,372,2,6.183333333333334
1000274,3,Accounting,1.0,0.9318181818181818,False,0.0,12.0,132,2,6.894736842105263
1000275,0,Accounting,1.0,0.8339100346020761,True,0.0172413793103448,18.0,289,2,4.571428571428571
1000276,1,Accounting,1.0,0.8888888888888888,False,0.0,5.0,9,2,4.0
1000277,3,Accounting,1.0,0.775,False,0.0,7.0,40,1,39.0
1000279,5,Accounting,1.0,0.5996621621621622,True,0.0327868852459016,13.0,592,6,2.352
1000280,0,Accounting,1.0,0.9343065693430656,False,0.0,13.0,274,2,3.5454545454545454
1000283,3,Accounting,1.0,0.7727272727272727,False,0.0,9.0,44,2,4.3
1000285,0,Accounting,1.0,0.7658227848101266,True,0.3103448275862069,14.0,158,3,3.488888888888889
1000287,0,Accounting,1.0,0.4712643678160919,True,0.0909090909090909,13.0,261,2,7.027027027027027
1000288,3,Accounting,1.0,0.6470588235294118,False,0.0,6.0,17,2,8.0
1000289,3,Accounting,1.0,0.7692307692307693,False,0.0,6.0,13,2,6.0
1000290,3,Accounting,1.0,0.2916666666666667,False,0.0,3.0,24,2,11.5
1000291,3,Accounting,0.9911764705882353,0.88,False,0.0,3.0,25,1,24.0
1000292,4,Accounting,1.0,0.8339100346020761,True,0.0547945205479452,19.0,867,4,5.154761904761905
1000293,0,Accounting,1.0,0.8726708074534162,True,0.0294117647058823,10.0,322,3,4.397260273972603
1000295,3,Accounting,1.0,0.8372093023255814,False,0.0,9.0,43,2,14.0
1000296,3,Accounting,1.0,0.7435897435897436,False,0.0,6.0,39,1,38.0
1000297,3,Accounting,0.9911764705882353,0.68,False,0.0,3.0,25,1,24.0
1000298,0,Accounting,1.0,0.7898550724637681,True,0.0204081632653061,10.0,276,4,3.985507246376812
1000299,0,Accounting,1.0,0.5992217898832685,True,0.1111111111111111,12.0,257,4,3.9384615384615382
1000300,3,Accounting,1.0,0.7333333333333333,False,0.0,4.0,90,3,3.1785714285714284
1000301,3,Accounting,0.9915966386554622,0.6792452830188679,False,0.0,3.0,106,3,3.6206896551724137
1000302,3,Accounting,0.9915966386554622,0.6732673267326733,False,0.0,3.0,101,3,3.225806451612903
1000303,3,Accounting,1.0,0.9444444444444444,True,0.6666666666666666,2.0,18,2,4.25
1000304,3,Accounting,0.992248062015504,0.7065217391304348,True,0.1666666666666666,3.0,92,2,5.6875
1000305,3,Accounting,0.963447600617412,0.7763157894736842,True,0.125,3.0,76,3,2.027027027027027
1000306,3,Accounting,1.0,0.85,True,0.125,2.0,20,2,1.9
1000307,3,Accounting,1.0,0.8571428571428571,True,0.125,2.0,21,2,1.818181818181818
1000309,3,Accounting,1.0,0.9767441860465116,True,0.3333333333333333,3.0,43,2,1.9090909090909087
1000310,3,Accounting,1.0,0.979591836734694,False,0.0,5.0,98,2,10.77777777777778
1000312,2,Accounting,0.9915966386554622,0.8666666666666667,False,0.0,3.0,90,1,89.0
1000313,3,Accounting,1.0,0.9479166666666666,True,0.375,4.0,96,2,10.555555555555555
1000314,0,Accounting,0.9915966386554622,0.92018779342723,False,0.0,3.0,213,4,7.310344827586207
1000315,3,Accounting,0.9730776413129354,0.6896551724137931,False,0.0,4.0,87,2,10.75
1000316,3,Accounting,1.0,0.6771653543307087,True,0.125,9.0,127,3,3.9375
1000317,3,Accounting,1.0,0.7068965517241379,False,0.0,9.0,58,2,5.7
1000318,3,Accounting,1.0,0.9565217391304348,False,0.0,7.0,23,3,2.75
1000319,3,Accounting,1.0,0.7083333333333334,False,0.0,8.0,24,3,2.875
1000320,3,Accounting,0.9828815628815629,0.6282051282051282,False,0.0,6.0,78,4,9.625
1000321,4,Accounting,1.0,0.2752442996742671,True,0.2666666666666666,34.0,1228,3,9.5859375
1000322,3,Accounting,1.0,0.7804878048780488,True,0.1111111111111111,7.0,41,2,4.0
1000323,0,Accounting,1.0,0.730593607305936,False,0.0,7.0,219,3,5.45
1000324,3,Accounting,0.9828815628815629,0.7121212121212122,False,0.0,4.0,66,2,13.0
1000325,3,Accounting,0.8862051699607666,0.2222222222222222,False,0.0,5.0,45,2,22.0
1000326,1,Accounting,1.0,0.8888888888888888,False,0.0,1.0,9,1,8.0
1000327,3,Accounting,1.0,0.3392857142857143,False,0.0,6.0,56,3,2.2916666666666665
1000328,3,Accounting,0.9911764705882353,0.6521739130434783,False,0.0,7.0,23,1,22.0
1000329,0,Accounting,1.0,0.8426229508196721,False,0.0,10.0,305,3,4.405797101449275
1000330,3,Accounting,1.0,0.7948717948717948,False,0.0,6.0,39,1,38.0
1000331,2,Accounting,1.0,0.872093023255814,False,0.0,5.0,172,2,85.5
1000332,0,Accounting,1.0,0.6770186335403726,True,0.2941176470588235,7.0,161,2,6.666666666666667
1000333,0,Accounting,1.0,0.75,True,0.03125,5.0,180,2,4.589743589743589
1000335,3,Accounting,1.0,0.5957446808510638,False,0.0,4.0,47,1,46.0
1000336,2,Accounting,1.0,0.8611111111111112,False,0.0,5.0,108,1,107.0
1000337,3,Accounting,1.0,0.6857142857142857,False,0.0,8.0,70,4,2.76
1000338,3,Accounting,1.0,0.8888888888888888,False,0.0,8.0,27,1,26.0
1000339,3,Accounting,1.0,0.8620689655172413,True,0.0769230769230769,17.0,58,4,3.3529411764705883
1000340,0,Accounting,1.0,0.6623376623376623,True,0.2727272727272727,13.0,231,4,3.8983050847457625
1000342,2,Accounting,1.0,0.5133689839572193,False,0.0,4.0,187,1,186.0
1000344,2,Accounting,1.0,0.80625,False,0.0,5.0,320,1,319.0
1000345,0,Accounting,1.0,0.9074074074074074,True,0.0625,3.0,162,3,4.472222222222222
1000346,2,Accounting,1.0,0.56,False,0.0,5.0,75,1,74.0
1000347,1,Accounting,1.0,0.5,False,0.0,6.0,10,2,4.5
1000348,1,Accounting,1.0,0.8,False,0.0,3.0,5,1,4.0
1000349,1,Accounting,1.0,0.6666666666666666,False,0.0,4.0,6,2,2.5
1000350,1,Accounting,1.0,0.75,False,0.0,3.0,4,1,3.0
1000351,3,Accounting,0.9828815628815629,0.6052631578947368,False,0.0,4.0,76,2,6.818181818181818
1000352,3,Accounting,1.0,0.6071428571428571,True,1.0,8.0,56,3,2.8947368421052637
1000353,3,Accounting,1.0,0.90625,False,0.0,12.0,32,3,3.1
1000354,1,Accounting,1.0,0.8,False,0.0,1.0,5,1,4.0
1000355,1,Accounting,1.0,0.875,False,0.0,4.0,8,1,7.0
1000356,3,Accounting,1.0,0.896551724137931,False,0.0,4.0,29,2,9.333333333333334
1000357,1,Accounting,1.0,0.875,False,0.0,2.0,8,1,7.0
1000358,3,Accounting,1.0,0.3529411764705882,False,0.0,7.0,34,3,3.3
1000359,2,Accounting,0.99,0.4333333333333333,False,0.0,10.0,150,1,149.0
1000361,0,Accounting,1.0,0.431266846361186,True,0.0833333333333333,7.0,371,2,6.727272727272728
1000363,2,Accounting,0.9915966386554622,0.993939393939394,False,0.0,2.0,165,1,164.0
1000365,2,Accounting,1.0,0.8028169014084507,False,0.0,2.0,71,1,70.0
1000366,3,Accounting,1.0,0.3917525773195876,False,0.0,5.0,97,2,24.0
1000367,6,Non-Accounting,0.40465170658895977,0.7213114754098361,True,0.1,0.0,61,3,1.935483870967742
1000368,0,Accounting,1.0,0.3975308641975308,True,0.1111111111111111,8.0,405,4,4.43956043956044
1000369,2,Accounting,0.9832633053221289,0.9364161849710982,False,0.0,3.0,173,2,86.0
1000371,0,Accounting,1.0,0.298780487804878,False,0.0,4.0,164,2,8.15
1000374,2,Accounting,0.9915966386554622,0.9891304347826086,False,0.0,2.0,92,1,91.0
1000375,3,Accounting,1.0,0.8686868686868687,True,0.5,4.0,99,2,16.333333333333332
1000376,2,Accounting,0.9915966386554622,0.9723756906077348,False,0.0,3.0,181,1,180.0
1000377,3,Accounting,1.0,0.4130434782608695,False,0.0,3.0,46,2,9.0
1000378,3,Accounting,1.0,0.7333333333333333,False,0.0,6.0,15,1,14.0
1000380,0,Accounting,1.0,0.925925925925926,True,0.0606060606060606,9.0,189,4,2.7246376811594204
1000381,2,Accounting,1.0,0.9444444444444444,False,0.0,7.0,90,1,89.0
1000382,2,Accounting,1.0,0.987012987012987,False,0.0,5.0,77,1,76.0
1000383,2,Accounting,0.89,0.9827586206896552,False,0.0,1.0,116,1,115.0
1000385,2,Accounting,0.9915966386554622,0.9696969696969696,False,0.0,3.0,99,1,98.0
1000386,3,Accounting,1.0,0.5454545454545454,False,0.0,6.0,33,2,4.0
1000387,3,Accounting,1.0,0.8235294117647058,False,0.0,5.0,34,3,4.125
1000388,1,Accounting,0.9803846153846155,0.8333333333333334,True,0.6666666666666666,2.0,6,3,1.25
1000389,1,Accounting,1.0,0.6666666666666666,False,0.0,2.0,9,2,2.0
1000390,3,Accounting,0.9801960784313725,0.7226277372262774,True,1.0,11.0,137,2,34.0
1000392,3,Accounting,1.0,0.8333333333333334,False,0.0,4.0,12,2,3.6666666666666665
1000393,3,Accounting,1.0,0.7777777777777778,False,0.0,7.0,18,1,17.0
1000395,3,Accounting,1.0,0.625,False,0.0,3.0,16,1,15.0
1000396,0,Accounting,1.0,0.8153153153153153,True,0.1794871794871795,10.0,222,3,4.604166666666667
1000397,3,Accounting,1.0,0.8461538461538461,False,0.0,4.0,26,2,3.125
1000398,3,Accounting,0.992248062015504,0.6666666666666666,True,0.25,6.0,36,2,5.833333333333333
1000399,3,Accounting,0.9911764705882353,0.8571428571428571,False,0.0,3.0,21,1,20.0
1000400,3,Accounting,1.0,0.4166666666666667,False,0.0,4.0,60,3,5.9
1000401,3,Accounting,1.0,0.835820895522388,True,0.0666666666666666,8.0,134,3,3.5945945945945947
1000402,3,Accounting,1.0,0.5,False,0.0,5.0,34,2,3.6666666666666665
1000403,3,Accounting,0.9751296248970668,0.5522388059701493,True,0.25,5.0,67,3,5.076923076923077
1000404,3,Accounting,1.0,0.9047619047619048,False,0.0,4.0,21,2,4.0
1000405,3,Accounting,1.0,0.9615384615384616,False,0.0,4.0,26,2,5.0
1000406,3,Accounting,1.0,0.9285714285714286,True,0.0465116279069767,10.0,126,3,2.6595744680851063
1000407,3,Accounting,0.9407684461625953,0.219047619047619,False,0.0,7.0,105,2,34.666666666666664
1000408,3,Accounting,1.0,0.5,False,0.0,3.0,48,2,4.7
1000409,3,Accounting,1.0,0.8529411764705882,False,0.0,4.0,34,2,11.0
1000410,3,Accounting,1.0,0.7333333333333333,False,0.0,1.0,15,2,2.333333333333333
1000411,1,Accounting,1.0,0.5,False,0.0,2.0,6,1,5.0
1000412,1,Accounting,1.0,0.875,False,0.0,2.0,8,1,7.0
1000413,5,Accounting,1.0,0.7137546468401487,True,0.0178571428571428,8.0,269,3,3.6944444444444446
1000414,3,Accounting,0.992248062015504,0.6666666666666666,True,0.5,2.0,12,2,2.75
1000415,3,Accounting,1.0,0.9322033898305084,False,0.0,8.0,59,2,3.8666666666666663
1000416,1,Accounting,1.0,0.9090909090909092,False,0.0,2.0,11,1,10.0
1000417,3,Accounting,0.9111073456412261,0.0,False,0.0,2.0,26,2,12.5
1000418,3,Accounting,0.992248062015504,0.6195652173913043,True,0.1666666666666666,4.0,92,4,3.64
1000419,2,Accounting,0.9915966386554622,0.9896907216494846,False,0.0,2.0,97,1,96.0
1000420,3,Accounting,1.0,0.9333333333333332,False,0.0,1.0,15,1,14.0
1000421,3,Accounting,1.0,0.9375,False,0.0,7.0,32,2,15.5
1000422,3,Accounting,1.0,0.6804123711340206,False,0.0,5.0,97,2,7.384615384615385
1000423,3,Accounting,1.0,0.7692307692307693,True,0.0666666666666666,4.0,52,4,2.833333333333333
1000424,3,Accounting,1.0,0.7857142857142857,True,0.2,5.0,28,2,3.857142857142857
1000425,3,Accounting,1.0,0.7142857142857143,False,0.0,6.0,14,2,3.25
1000426,3,Accounting,1.0,0.6071428571428571,False,0.0,5.0,28,2,6.75
1000427,3,Accounting,1.0,0.8421052631578947,False,0.0,5.0,19,3,3.0
1000428,3,Accounting,1.0,0.8571428571428571,False,0.0,6.0,21,2,3.333333333333333
1000429,3,Accounting,1.0,0.8928571428571429,False,0.0,3.0,28,1,27.0
1000430,3,Accounting,1.0,0.7954545454545454,False,0.0,7.0,44,2,2.6875
1000431,3,Accounting,1.0,0.5344827586206896,False,0.0,4.0,58,2,11.4
1000432,3,Accounting,1.0,0.5,False,0.0,6.0,16,3,3.75
1000433,3,Accounting,0.9751296248970668,0.676923076923077,True,0.25,6.0,65,2,10.666666666666666
1000434,1,Accounting,1.0,0.3,False,0.0,2.0,10,1,9.0
1000435,3,Accounting,1.0,0.6923076923076923,False,0.0,2.0,13,2,2.4
1000436,3,Accounting,1.0,0.781021897810219,False,0.0,8.0,137,2,6.181818181818182
1000437,3,Accounting,1.0,0.6666666666666666,False,0.0,2.0,36,2,4.375
1000438,3,Accounting,0.9911764705882353,0.4347826086956521,False,0.0,2.0,23,1,22.0
1000439,3,Accounting,1.0,0.8,False,0.0,4.0,30,2,7.25
1000440,1,Accounting,1.0,0.9,False,0.0,1.0,10,2,4.5
1000441,3,Accounting,0.9911764705882353,0.9473684210526316,False,0.0,3.0,19,1,18.0
1000442,3,Accounting,1.0,0.71875,False,0.0,4.0,32,2,7.75
1000443,1,Accounting,1.0,0.75,False,0.0,7.0,8,2,3.5
1000444,3,Accounting,0.7870910070681714,0.0,False,0.0,6.0,56,1,55.0
1000445,3,Accounting,0.9610538671731578,0.0,False,0.0,6.0,18,1,17.0
1000446,3,Accounting,0.9828815628815629,0.8441558441558441,False,0.0,6.0,77,2,3.3043478260869565
1000447,1,Accounting,0.9901685393258427,0.0,False,0.0,3.0,11,1,10.0
1000448,3,Accounting,0.9828815628815629,0.6617647058823529,False,0.0,5.0,68,3,22.33333333333333
1000449,3,Accounting,1.0,0.927927927927928,False,0.0,6.0,111,2,27.5
1000450,3,Accounting,1.0,0.8571428571428571,False,0.0,7.0,49,2,12.0
1000451,3,Accounting,1.0,0.625,False,0.0,1.0,16,1,15.0
1000452,3,Accounting,1.0,0.9230769230769232,False,0.0,4.0,13,1,12.0
1000453,3,Accounting,0.8475082973615597,0.0,False,0.0,5.0,34,1,33.0
1000454,3,Accounting,1.0,0.675,False,0.0,2.0,40,1,39.0
1000455,3,Accounting,1.0,0.6304347826086957,False,0.0,6.0,92,2,15.166666666666666
1000456,6,Non-Accounting,0.39705693751733095,0.1111111111111111,True,1.0,6.0,63,2,20.666666666666668
1000457,6,Non-Accounting,0.052648990807971564,0.0,False,0.0,0.0,58,1,57.0
1000458,6,Non-Accounting,0.22341604900495454,0.0,False,0.0,0.0,19,1,18.0
1000459,6,Non-Accounting,0.06171481799879874,0.0,False,0.0,0.0,90,1,89.0
1000460,6,Non-Accounting,0.10404245763416146,0.0,False,0.0,0.0,22,1,21.0
1000461,6,Non-Accounting,0.06110781185830235,0.0,False,0.0,0.0,161,1,160.0
1000462,6,Non-Accounting,0.05345965183092624,0.0,False,0.0,0.0,46,1,45.0
1000463,6,Non-Accounting,0.10127174628453182,0.0,False,0.0,0.0,121,1,120.0
1000472,0,Accounting,1.0,0.7743362831858407,False,0.0,5.0,226,4,2.8125
1000474,3,Accounting,1.0,0.6341463414634146,False,0.0,3.0,41,2,10.0
1000475,3,Accounting,1.0,0.8,False,0.0,3.0,20,2,6.333333333333333
1000477,3,Accounting,1.0,0.875,False,0.0,6.0,152,3,3.282608695652174
1000478,3,Accounting,1.0,0.2682926829268293,False,0.0,2.0,41,1,40.0
1000479,3,Accounting,1.0,0.7931034482758621,False,0.0,3.0,29,1,28.0
1000480,1,Accounting,1.0,0.9,False,0.0,5.0,10,2,4.5
1000481,1,Accounting,1.0,0.875,False,0.0,3.0,8,1,7.0
1000482,3,Accounting,1.0,0.7741935483870968,False,0.0,7.0,31,1,30.0
1000483,3,Accounting,0.982248062015504,0.6923076923076923,True,0.25,5.0,13,2,1.7142857142857142
1000485,3,Accounting,1.0,0.9333333333333332,False,0.0,1.0,15,1,14.0
1000486,3,Accounting,1.0,0.9230769230769232,False,0.0,2.0,13,1,12.0
1000487,3,Accounting,1.0,0.8823529411764706,False,0.0,8.0,34,1,33.0
1000488,3,Accounting,0.99,0.85,True,0.1,7.0,40,3,3.0
1000489,3,Accounting,0.9911764705882353,0.8421052631578947,False,0.0,2.0,19,1,18.0
1000490,3,Accounting,1.0,0.7058823529411765,False,0.0,6.0,17,2,3.2
1000491,1,Accounting,1.0,0.8888888888888888,False,0.0,2.0,9,1,8.0
1000492,2,Accounting,1.0,0.7246376811594203,False,0.0,6.0,69,1,68.0
1000493,0,Accounting,1.0,0.9935483870967742,False,0.0,9.0,155,4,2.655172413793104
1000494,3,Accounting,1.0,0.9230769230769232,True,0.0294117647058823,8.0,91,3,2.3684210526315788
1000495,3,Accounting,1.0,0.8283582089552238,False,0.0,8.0,134,3,2.891304347826087
1000496,3,Accounting,1.0,0.9032258064516128,False,0.0,7.0,31,1,30.0
1000497,3,Accounting,1.0,0.765625,False,0.0,7.0,64,2,12.6
1000499,3,Accounting,0.9828815628815629,0.9367088607594936,False,0.0,5.0,79,2,5.571428571428571
1000500,3,Accounting,1.0,0.9325842696629212,True,0.0416666666666666,6.0,89,2,3.142857142857143
1000501,0,Accounting,1.0,0.8568019093078759,False,0.0,7.0,419,2,18.130434782608692
1000502,3,Accounting,1.0,0.5862068965517241,False,0.0,6.0,29,2,5.6
1000503,3,Accounting,1.0,0.5352112676056338,False,0.0,7.0,71,2,8.75
1000504,0,Accounting,1.0,0.9736842105263158,True,0.0104166666666666,9.0,228,4,2.306122448979592
1000505,3,Accounting,1.0,0.5950413223140496,False,0.0,5.0,121,3,3.870967741935484
1000506,0,Accounting,1.0,0.7916666666666666,True,0.1923076923076923,11.0,168,2,5.21875
1000507,3,Accounting,1.0,0.5338345864661654,True,0.05,8.0,133,2,3.0
1000508,0,Accounting,1.0,0.729957805907173,True,0.4,8.0,237,2,11.238095238095235
1000509,0,Accounting,1.0,0.8108108108108109,True,0.123076923076923,5.0,370,3,5.271428571428571
1000510,2,Accounting,1.0,0.7716535433070866,False,0.0,5.0,127,1,126.0
1000511,2,Accounting,1.0,0.7816091954022989,False,0.0,5.0,87,1,86.0
1000512,0,Accounting,1.0,0.7681159420289855,False,0.0,6.0,138,3,6.85
1000513,3,Accounting,1.0,0.6754385964912281,True,0.4545454545454545,7.0,114,3,3.2285714285714286
1000514,0,Accounting,1.0,0.9226190476190476,True,0.0263157894736842,10.0,168,3,4.282051282051282
1000515,3,Accounting,1.0,0.8125,True,0.238095238095238,10.0,80,3,3.16
1000516,3,Accounting,1.0,0.9019607843137256,True,0.125,10.0,51,3,3.8461538461538463
1000517,3,Accounting,1.0,0.8461538461538461,False,0.0,5.0,13,2,2.4
1000518,0,Accounting,1.0,0.7212121212121212,False,0.0,16.0,165,3,4.0
1000519,0,Accounting,1.0,0.6282722513089005,True,0.2777777777777778,13.0,191,2,4.418604651162791
1000520,3,Accounting,1.0,0.5894736842105263,False,0.0,12.0,95,2,4.2727272727272725
1000521,3,Accounting,0.9828815628815629,0.4050632911392405,False,0.0,6.0,79,2,11.142857142857142
1000522,2,Accounting,1.0,0.8645833333333334,False,0.0,9.0,96,1,95.0
1000523,2,Accounting,1.0,0.8223350253807107,False,0.0,5.0,197,2,98.0
1000524,0,Accounting,1.0,0.8242424242424242,False,0.0,15.0,165,3,4.96969696969697
1000525,3,Accounting,1.0,0.8333333333333334,False,0.0,4.0,18,1,17.0
1000526,0,Accounting,1.0,0.8475836431226765,True,0.106060606060606,18.0,269,4,3.152941176470588
1000527,0,Accounting,1.0,0.3588235294117647,False,0.0,10.0,170,4,2.560606060606061
1000528,3,Accounting,1.0,0.6583333333333333,True,0.0833333333333333,8.0,120,3,4.25
1000529,2,Accounting,1.0,0.984126984126984,False,0.0,4.0,63,1,62.0
1000530,2,Accounting,1.0,0.8787878787878788,False,0.0,17.0,66,1,65.0
1000531,1,Accounting,1.0,0.8,False,0.0,5.0,10,1,9.0
1000532,1,Accounting,1.0,0.7272727272727273,False,0.0,5.0,11,1,10.0
1000533,3,Accounting,1.0,0.8135593220338984,True,0.125,5.0,59,2,3.8666666666666663
1000534,2,Accounting,1.0,0.8765432098765432,False,0.0,2.0,81,1,80.0
1000535,3,Accounting,0.9911764705882353,0.8333333333333334,False,0.0,8.0,24,1,23.0
1000536,3,Accounting,1.0,0.8958333333333334,False,0.0,6.0,48,2,4.7
1000537,3,Accounting,0.9911764705882353,0.68,False,0.0,3.0,25,1,24.0
1000538,2,Accounting,1.0,0.5789473684210527,False,0.0,6.0,76,1,75.0
1000539,0,Accounting,1.0,0.5128205128205128,False,0.0,15.0,195,2,38.8
1000540,3,Accounting,1.0,0.8333333333333334,False,0.0,6.0,60,3,4.538461538461538
1000541,4,Accounting,0.98,0.237696335078534,False,0.0,16.0,955,2,10.483516483516484
1000542,3,Accounting,1.0,0.562962962962963,False,0.0,8.0,135,2,13.4
1000543,3,Accounting,1.0,0.6482758620689655,False,0.0,14.0,145,2,7.578947368421052
1000544,2,Accounting,1.0,0.7272727272727273,False,0.0,4.0,99,1,98.0
1000545,0,Accounting,1.0,0.8205128205128205,True,0.0714285714285714,14.0,195,3,3.803921568627451
1000546,0,Accounting,1.0,0.8866666666666667,True,0.0444444444444444,12.0,150,5,2.709090909090909
1000547,0,Accounting,1.0,0.8632478632478633,True,0.0555555555555555,10.0,234,2,11.65
1000548,3,Accounting,1.0,0.8666666666666667,False,0.0,2.0,30,2,14.5
1000549,3,Accounting,0.9828815628815629,0.4722222222222222,False,0.0,6.0,72,3,3.9444444444444446
1000550,1,Accounting,1.0,0.875,False,0.0,3.0,8,1,7.0
1000551,3,Accounting,1.0,0.8387096774193549,False,0.0,6.0,31,1,30.0
1000552,3,Accounting,1.0,0.8045977011494253,True,0.1904761904761904,13.0,87,3,3.071428571428572
1000553,3,Accounting,0.9808608058608059,0.3773584905660377,False,0.0,9.0,53,2,17.333333333333332
1000554,3,Accounting,0.9828815628815629,0.8831168831168831,False,0.0,6.0,77,3,8.444444444444445
1000555,2,Accounting,1.0,0.9178082191780822,False,0.0,4.0,73,1,72.0
1000556,3,Accounting,1.0,0.9714285714285714,False,0.0,5.0,35,1,34.0
1000558,3,Accounting,1.0,0.9375,False,0.0,1.0,16,1,15.0
1000559,3,Accounting,1.0,0.84,False,0.0,7.0,25,2,6.0
1000560,3,Accounting,1.0,0.875,False,0.0,8.0,16,2,7.5
1000561,3,Accounting,0.9911764705882353,0.9,False,0.0,4.0,20,1,19.0
1000562,3,Accounting,1.0,0.9310344827586208,False,0.0,4.0,29,2,9.333333333333334
1000563,2,Accounting,1.0,0.6746987951807228,False,0.0,6.0,83,1,82.0
1000564,3,Accounting,1.0,0.9456521739130436,True,0.0784313725490196,10.0,184,2,3.519230769230769
1000565,0,Accounting,1.0,0.9538043478260868,False,0.0,8.0,368,2,5.097222222222222
1000566,3,Accounting,1.0,0.9696969696969696,False,0.0,8.0,33,2,4.571428571428571
1000567,0,Accounting,0.992248062015504,0.2558139534883721,True,0.1666666666666666,4.0,258,2,8.862068965517242
1000569,3,Accounting,1.0,0.84,False,0.0,3.0,25,2,8.0
1000570,3,Accounting,1.0,0.6984126984126984,True,0.2777777777777778,9.0,126,3,4.310344827586207
1000571,3,Accounting,0.8052452555566333,0.0892857142857142,False,0.0,6.0,56,2,18.33333333333333
1000572,3,Accounting,1.0,0.8333333333333334,False,0.0,2.0,12,1,11.0
1000573,3,Accounting,1.0,0.85,True,0.4166666666666667,4.0,40,3,2.294117647058824
1000574,3,Accounting,0.9751296248970668,0.4337349397590361,True,0.1428571428571428,4.0,83,5,4.315789473684211
1000575,3,Accounting,0.9751296248970668,0.5373134328358209,True,0.6666666666666666,5.0,67,3,6.6
1000576,3,Accounting,0.9751296248970668,0.4712643678160919,True,0.6,4.0,87,4,4.777777777777778
1000577,3,Accounting,1.0,0.3714285714285714,False,0.0,2.0,35,2,11.333333333333334
1000578,1,Accounting,0.9901685393258427,0.0,False,0.0,3.0,10,1,9.0
1000579,1,Accounting,0.9801685393258427,0.125,False,0.0,3.0,8,1,7.0
1000580,3,Accounting,1.0,0.7666666666666667,False,0.0,2.0,30,2,2.9
1000581,3,Accounting,1.0,0.8181818181818182,False,0.0,4.0,33,1,32.0
1000582,3,Accounting,1.0,0.9714285714285714,False,0.0,3.0,35,1,34.0
1000583,3,Accounting,1.0,0.8541666666666666,False,0.0,3.0,48,2,5.875
1000584,3,Accounting,1.0,0.5272727272727272,False,0.0,6.0,55,2,13.5
1000585,3,Accounting,0.992248062015504,0.6176470588235294,True,0.6666666666666666,3.0,34,3,4.125
1000586,0,Accounting,1.0,0.9447513812154696,True,0.2,5.0,181,3,13.846153846153848
1000587,3,Accounting,0.982248062015504,0.7142857142857143,True,0.4285714285714285,4.0,42,2,4.1
1000588,2,Accounting,1.0,0.8526315789473684,False,0.0,4.0,190,1,189.0
1000589,3,Accounting,0.992248062015504,0.46,True,0.3333333333333333,6.0,50,2,2.5789473684210527
1000590,3,Accounting,0.9751296248970668,0.6710526315789473,True,0.5,6.0,76,3,6.818181818181818
1000591,3,Accounting,1.0,0.7634408602150538,True,0.2727272727272727,12.0,93,3,5.411764705882353
1000592,3,Accounting,0.992248062015504,0.5384615384615384,True,0.1111111111111111,3.0,52,3,2.55
1000593,2,Accounting,1.0,0.7524752475247525,False,0.0,5.0,101,1,100.0
1000595,3,Accounting,1.0,0.9333333333333332,False,0.0,2.0,15,3,3.5
1000597,3,Accounting,0.9543201896143074,0.7252747252747253,False,0.0,3.0,91,3,18.0
1000598,0,Accounting,1.0,0.8192090395480226,True,0.088235294117647,3.0,177,4,3.6666666666666665
1000599,3,Accounting,1.0,0.9387755102040816,True,0.2,3.0,49,3,6.0
1000600,3,Accounting,1.0,0.75,False,0.0,2.0,16,2,5.0
1000601,3,Accounting,1.0,0.8958333333333334,True,0.0555555555555555,3.0,48,3,2.238095238095238
1000602,3,Accounting,1.0,0.5625,False,0.0,2.0,16,2,3.75
1000603,0,Accounting,1.0,0.7637474541751528,True,0.0942028985507246,10.0,491,5,2.5789473684210527
1000604,2,Accounting,1.0,0.5126050420168067,False,0.0,7.0,238,2,118.5
1000605,2,Accounting,1.0,0.6915887850467289,False,0.0,9.0,214,2,71.0
1000606,3,Accounting,1.0,0.8846153846153846,True,1.0,2.0,26,3,5.0
1000607,0,Accounting,1.0,0.6857142857142857,True,0.1052631578947368,13.0,175,3,4.971428571428572
1000608,3,Accounting,0.9815966386554622,0.8539325842696629,False,0.0,2.0,89,2,14.666666666666666
1000609,0,Accounting,1.0,0.803030303030303,True,0.3333333333333333,4.0,132,4,6.55
1000610,0,Accounting,1.0,0.7941176470588235,False,0.0,8.0,170,4,4.694444444444445
1000611,0,Accounting,1.0,0.6616314199395771,True,0.0454545454545454,7.0,331,3,9.705882352941176
1000612,0,Accounting,1.0,0.7774869109947644,True,0.009009009009009,6.0,382,3,2.4901960784313726
1000613,3,Accounting,0.9703846153846155,0.978494623655914,True,0.64,8.0,93,4,1.803921568627451
1000614,0,Accounting,1.0,0.5895316804407713,True,0.4393939393939394,8.0,363,3,2.806201550387597
1000615,3,Accounting,0.9808608058608059,0.2613636363636363,False,0.0,4.0,88,2,17.4
1000616,3,Accounting,1.0,0.264,False,0.0,7.0,125,2,12.4
1000617,3,Accounting,1.0,0.5263157894736842,False,0.0,8.0,95,2,47.0
1000618,3,Accounting,1.0,0.6417910447761194,False,0.0,13.0,134,3,4.925925925925926
1000619,3,Accounting,1.0,0.9047619047619048,False,0.0,7.0,126,2,9.615384615384617
1000620,3,Accounting,1.0,0.9375,True,0.2,4.0,16,2,2.5
1000621,3,Accounting,1.0,0.9545454545454546,True,0.125,2.0,22,3,2.333333333333333
1000622,0,Accounting,0.992248062015504,0.7016129032258065,True,0.073170731707317,6.0,248,4,2.839080459770115
1000623,0,Accounting,1.0,0.9040247678018576,True,0.0454545454545454,5.0,323,3,13.416666666666666
1000624,0,Accounting,0.992248062015504,0.5976095617529881,True,0.1166666666666666,6.0,251,5,2.7472527472527477
1000625,3,Accounting,1.0,0.972972972972973,False,0.0,8.0,37,1,36.0
1000626,1,Accounting,1.0,0.8,False,0.0,5.0,5,1,4.0
1000627,1,Accounting,1.0,0.8888888888888888,False,0.0,2.0,9,1,8.0
1000628,3,Accounting,1.0,0.8181818181818182,True,0.2857142857142857,10.0,33,3,4.0
1000629,0,Accounting,0.99,0.7216494845360825,True,0.1333333333333333,13.0,194,3,4.7073170731707314
1000630,3,Accounting,1.0,0.8571428571428571,False,0.0,2.0,14,2,6.5
1000631,1,Accounting,1.0,0.7142857142857143,False,0.0,5.0,7,2,1.5
1000632,1,Accounting,1.0,0.8571428571428571,False,0.0,3.0,7,1,6.0
1000633,3,Accounting,1.0,0.9270833333333334,True,0.25,12.0,96,3,5.277777777777778
1000634,0,Accounting,1.0,0.512,True,0.3018867924528302,7.0,375,4,2.3229813664596275
1000635,0,Accounting,0.99,0.7244094488188977,True,0.7,13.0,127,4,3.3157894736842106
1000636,3,Accounting,1.0,0.7096774193548387,False,0.0,3.0,31,1,30.0
1000637,3,Accounting,0.99,0.7215189873417721,True,0.625,11.0,79,3,5.2
1000638,3,Accounting,0.9914529914529915,0.9836065573770492,False,0.0,6.0,61,2,5.454545454545454
1000639,1,Accounting,1.0,0.6363636363636364,False,0.0,1.0,11,1,10.0
1000640,1,Accounting,1.0,0.8,False,0.0,1.0,10,1,9.0
1000641,1,Accounting,1.0,0.8333333333333334,False,0.0,2.0,6,1,5.0
1000642,3,Accounting,1.0,0.2857142857142857,False,0.0,5.0,14,2,3.25
1000643,1,Accounting,1.0,0.8571428571428571,False,0.0,2.0,7,2,1.5
1000644,1,Accounting,1.0,0.8,True,1.0,2.0,5,2,2.0
1000645,3,Accounting,1.0,0.5833333333333334,False,0.0,5.0,12,2,2.2
1000646,3,Accounting,0.982248062015504,0.6,True,0.3333333333333333,4.0,25,3,2.0
1000647,3,Accounting,1.0,0.5066666666666667,True,0.3333333333333333,8.0,75,4,2.176470588235294
1000648,2,Accounting,1.0,0.9262672811059908,False,0.0,8.0,217,2,108.0
1000649,3,Accounting,1.0,0.8181818181818182,False,0.0,11.0,33,1,32.0
1000650,0,Accounting,1.0,0.9045226130653268,True,0.5,13.0,199,2,12.375
1000651,3,Accounting,0.9911764705882353,0.9130434782608696,False,0.0,4.0,23,1,22.0
1000652,3,Accounting,1.0,0.8,False,0.0,4.0,15,1,14.0
1000653,1,Accounting,1.0,0.8571428571428571,False,0.0,4.0,7,1,6.0
1000654,3,Accounting,1.0,0.6379310344827587,False,0.0,9.0,58,2,28.5
1000655,3,Accounting,1.0,0.6666666666666666,False,0.0,7.0,30,1,29.0
1000656,3,Accounting,1.0,0.6944444444444444,False,0.0,8.0,36,1,35.0
1000657,1,Accounting,1.0,0.6666666666666666,False,0.0,4.0,9,1,8.0
1000658,0,Accounting,1.0,0.63003663003663,True,0.4615384615384615,7.0,273,3,3.4871794871794872
1000659,3,Accounting,1.0,0.5614035087719298,True,1.0,13.0,57,2,14.0
1000660,1,Accounting,1.0,0.8,False,0.0,4.0,5,1,4.0
1000661,1,Accounting,1.0,0.6666666666666666,False,0.0,4.0,6,1,5.0
