khipu_id,cord_id,method,predicted_value,num_siblings_with_values,sibling_mean,sibling_std,confidence
1000007,3000610,sibling_median,20.5,2,20.5,4.5,medium
1000007,3000604,sibling_median,1.0,3,16.0,21.213203435596427,medium
1000007,3000683,sibling_median,81.0,2,81.0,0.0,medium
1000007,3000596,sibling_median,26.0,3,30.333333333333332,13.816254517375139,medium
1000007,3000617,sibling_median,64.0,3,499.3333333333333,658.5364243701499,medium
1000009,3000905,sibling_median,102.0,8,79.625,43.436555745132466,medium
1000009,3000914,sibling_median,102.0,8,79.625,43.436555745132466,medium
1000018,3001795,sibling_median,14.0,2,14.0,3.0,medium
1000020,3002432,sibling_median,2.5,4,3.75,3.2691742076555053,medium
1000020,3002462,sibling_median,1.0,6,2.8333333333333335,2.9674156357941426,medium
1000020,3002495,sibling_median,4.0,5,14.0,17.60681686165901,medium
1000020,3002532,sibling_median,1.0,3,2.0,1.4142135623730951,medium
1000020,3002677,sibling_median,5.0,4,6.75,6.2599920127744575,medium
1000020,3002752,sibling_median,2.5,4,4.0,3.6742346141747673,medium
1000020,3036720,sibling_median,1.0,6,1.5,1.118033988749895,medium
1000020,3036774,sibling_median,2.5,2,2.5,1.5,medium
1000020,3036808,sibling_median,0.5,2,0.5,0.5,medium
1000020,3036829,sibling_median,1.0,2,1.0,0.0,medium
1000020,3036882,sibling_median,25.0,2,25.0,24.0,medium
1000020,3036890,sibling_median,1.0,2,1.0,0.0,medium
1000020,3036900,sibling_median,1.0,2,1.0,0.0,medium
1000020,3036941,sibling_median,1.0,3,2.0,1.4142135623730951,medium
1000020,3036980,sibling_median,1.0,3,1.0,0.0,medium
1000020,3002444,sibling_median,16.0,3,14.333333333333334,10.274023338281628,medium
1000020,3002454,sibling_median,1.0,2,1.0,0.0,medium
1000020,3002479,sibling_median,1.0,4,1.75,1.299038105676658,medium
1000020,3002488,sibling_median,1.5,2,1.5,0.5,medium
1000020,3002510,sibling_median,2.5,4,3.75,3.2691742076555053,medium
1000020,3002678,sibling_median,5.0,4,6.75,6.2599920127744575,medium
1000020,3002693,sibling_median,1.0,2,1.0,0.0,medium
1000020,3002735,sibling_median,1.5,2,1.5,0.5,medium
1000020,3002749,sibling_median,9.0,3,15.333333333333334,14.974051630144134,medium
1000020,3002763,sibling_median,1.0,2,1.0,0.0,medium
1000020,3036721,sibling_median,1.0,6,1.5,1.118033988749895,medium
1000020,3036745,sibling_median,7.0,2,7.0,6.0,medium
1000020,3036775,sibling_median,2.5,2,2.5,1.5,medium
1000020,3036788,sibling_median,1.0,2,1.0,0.0,medium
1000020,3036823,sibling_median,1.5,2,1.5,0.5,medium
1000020,3036860,sibling_median,1.0,3,5.666666666666667,7.318166133366716,medium
1000020,3036883,sibling_median,25.0,2,25.0,24.0,medium
1000020,3036891,sibling_median,1.0,2,1.0,0.0,medium
1000020,3036959,sibling_median,2.0,3,6.333333333333333,6.847546194724712,medium
1000020,3002434,sibling_median,2.5,4,3.75,3.2691742076555053,medium
1000020,3002445,sibling_median,16.0,3,14.333333333333334,10.274023338281628,medium
1000020,3002455,sibling_median,1.0,2,1.0,0.0,medium
1000020,3002511,sibling_median,2.5,4,3.75,3.2691742076555053,medium
1000020,3002521,sibling_median,1.0,3,2.0,1.4142135623730951,medium
1000020,3002710,sibling_median,17.0,2,17.0,8.0,medium
1000020,3002736,sibling_median,1.5,2,1.5,0.5,medium
1000020,3036746,sibling_median,7.0,2,7.0,6.0,medium
1000020,3036810,sibling_median,0.5,2,0.5,0.5,medium
1000020,3036824,sibling_median,1.5,2,1.5,0.5,medium
1000020,3036837,sibling_median,0.5,2,0.5,0.5,medium
1000020,3036840,sibling_median,1.0,4,0.75,0.4330127018922193,medium
1000020,3036861,sibling_median,1.0,3,5.666666666666667,7.318166133366716,medium
1000020,3036902,sibling_median,1.0,2,1.0,0.0,medium
1000020,3036943,sibling_median,1.0,3,2.0,1.4142135623730951,medium
1000020,3036960,sibling_median,2.0,3,6.333333333333333,6.847546194724712,medium
1000020,3036971,sibling_median,1.0,2,1.0,0.0,medium
1000020,3036982,sibling_median,1.0,3,1.0,0.0,medium
1000020,3002465,sibling_median,1.0,6,2.8333333333333335,2.9674156357941426,medium
1000020,3002481,sibling_median,1.0,4,1.75,1.299038105676658,medium
1000020,3002490,sibling_median,1.5,2,1.5,0.5,medium
1000020,3002494,sibling_median,4.0,3,10.0,10.677078252031311,medium
1000020,3002498,sibling_median,4.0,5,14.0,17.60681686165901,medium
1000020,3002512,sibling_median,2.5,4,3.75,3.2691742076555053,medium
1000020,3002695,sibling_median,1.0,2,1.0,0.0,medium
1000020,3002714,sibling_median,2.5,6,5.333333333333333,5.557777333511022,medium
1000020,3002737,sibling_median,1.5,2,1.5,0.5,medium
1000020,3002747,sibling_median,1.0,3,1.0,0.0,medium
1000020,3002765,sibling_median,1.0,2,1.0,0.0,medium
1000020,3036777,sibling_median,2.5,2,2.5,1.5,medium
1000020,3036790,sibling_median,1.0,2,1.0,0.0,medium
1000020,3036811,sibling_median,0.5,2,0.5,0.5,medium
1000020,3036819,sibling_median,0.0,3,0.3333333333333333,0.4714045207910317,medium
1000020,3036825,sibling_median,1.5,2,1.5,0.5,medium
1000020,3036832,sibling_median,1.0,2,1.0,0.0,medium
1000020,3036841,sibling_median,1.0,4,0.75,0.4330127018922193,medium
1000020,3036885,sibling_median,25.0,2,25.0,24.0,medium
1000020,3036893,sibling_median,1.0,2,1.0,0.0,medium
1000020,3036899,sibling_median,9.0,3,11.666666666666666,9.977753031397176,medium
1000020,3036961,sibling_median,2.0,3,6.333333333333333,6.847546194724712,medium
1000020,3036972,sibling_median,1.0,2,1.0,0.0,medium
1000020,3036983,sibling_median,1.0,3,1.0,0.0,medium
1000020,3002447,sibling_median,16.0,3,14.333333333333334,10.274023338281628,medium
1000020,3002466,sibling_median,1.0,6,2.8333333333333335,2.9674156357941426,medium
1000020,3002536,sibling_median,1.0,3,2.0,1.4142135623730951,medium
1000020,3002681,sibling_median,5.0,4,6.75,6.2599920127744575,medium
1000020,3002696,sibling_median,1.0,2,1.0,0.0,medium
1000020,3036778,sibling_median,2.5,2,2.5,1.5,medium
1000020,3036791,sibling_median,1.0,2,1.0,0.0,medium
1000020,3036984,sibling_median,1.0,3,1.0,0.0,medium
1000020,3002448,sibling_median,16.0,3,14.333333333333334,10.274023338281628,medium
1000020,3002514,sibling_median,2.5,4,3.75,3.2691742076555053,medium
1000020,3002537,sibling_median,1.0,3,2.0,1.4142135623730951,medium
1000020,3002697,sibling_median,1.0,2,1.0,0.0,medium
1000020,3002739,sibling_median,1.5,2,1.5,0.5,medium
1000020,3036792,sibling_median,1.0,2,1.0,0.0,medium
1000020,3036827,sibling_median,1.5,2,1.5,0.5,medium
1000023,3004867,sibling_median,49.0,11,248.8181818181818,421.82435340312793,medium
1000023,3004868,sibling_median,49.0,11,248.8181818181818,421.82435340312793,medium
1000023,3004853,sibling_median,17.5,6,51.166666666666664,56.80791220322121,medium
1000023,3004869,sibling_median,49.0,11,248.8181818181818,421.82435340312793,medium
1000023,3004854,sibling_median,17.5,6,51.166666666666664,56.80791220322121,medium
1000023,3004870,sibling_median,49.0,11,248.8181818181818,421.82435340312793,medium
1000023,3004855,sibling_median,17.5,6,51.166666666666664,56.80791220322121,medium
1000023,3004856,sibling_median,17.5,6,51.166666666666664,56.80791220322121,medium
1000023,3004873,sibling_median,49.0,11,248.8181818181818,421.82435340312793,medium
1000023,3004858,sibling_median,17.5,6,51.166666666666664,56.80791220322121,medium
1000023,3004874,sibling_median,49.0,11,248.8181818181818,421.82435340312793,medium
1000023,3004859,sibling_median,17.5,6,51.166666666666664,56.80791220322121,medium
1000023,3004860,sibling_median,17.5,6,51.166666666666664,56.80791220322121,medium
1000023,3004876,sibling_median,49.0,11,248.8181818181818,421.82435340312793,medium
1000023,3004861,sibling_median,17.5,6,51.166666666666664,56.80791220322121,medium
1000023,3004877,sibling_median,49.0,11,248.8181818181818,421.82435340312793,medium
1000023,3004864,sibling_median,17.5,6,51.166666666666664,56.80791220322121,medium
1000023,3004866,sibling_median,17.5,6,51.166666666666664,56.80791220322121,medium
1000023,3004882,sibling_median,49.0,11,248.8181818181818,421.82435340312793,medium
1000024,3004313,sibling_median,4.0,3,7.0,6.48074069840786,medium
1000024,3004314,sibling_median,4.0,3,7.0,6.48074069840786,medium
1000024,3004315,sibling_median,4.0,3,7.0,6.48074069840786,medium
1000025,3004024,sibling_median,1.0,7,7.571428571428571,11.611043300694915,medium
1000025,3004029,sibling_median,1.0,7,7.571428571428571,11.611043300694915,medium
1000025,3004044,sibling_median,1.5,6,8.0,9.763879010584539,medium
1000025,3004099,sibling_median,1.0,4,9.75,15.155444566227676,medium
1000025,3004144,sibling_median,13.0,4,13.0,12.0,medium
1000025,3004187,sibling_median,1.0,5,8.8,9.96794863550169,medium
1000025,3004234,sibling_median,1.0,3,8.666666666666666,11.556623882239812,medium
1000025,3004268,sibling_median,4.0,3,4.666666666666667,3.2998316455372216,medium
1000025,3004045,sibling_median,1.5,6,8.0,9.763879010584539,medium
1000025,3004159,sibling_median,6.5,4,9.75,9.256754290786809,medium
1000025,3004188,sibling_median,1.0,5,8.8,9.96794863550169,medium
1000025,3004222,sibling_median,5.5,8,14.5,17.298843892006193,medium
1000025,3004235,sibling_median,1.0,3,8.666666666666666,11.556623882239812,medium
1000025,3004269,sibling_median,4.0,3,4.666666666666667,3.2998316455372216,medium
1000025,3004280,sibling_median,1.0,4,3.0,3.4641016151377544,medium
1000025,3004301,sibling_median,9.0,7,13.285714285714286,15.790723187223257,medium
1000025,3004236,sibling_median,1.0,3,8.666666666666666,11.556623882239812,medium
1000025,3004270,sibling_median,4.0,3,4.666666666666667,3.2998316455372216,medium
1000025,3004064,sibling_median,1.5,6,3.6666666666666665,4.307615994440029,medium
1000025,3004102,sibling_median,1.0,4,9.75,15.155444566227676,medium
1000025,3004114,sibling_median,4.0,5,5.2,5.5641710972974225,medium
1000025,3004147,sibling_median,13.0,4,13.0,12.0,medium
1000025,3004161,sibling_median,6.5,4,9.75,9.256754290786809,medium
1000025,3004190,sibling_median,1.0,5,8.8,9.96794863550169,medium
1000025,3004249,sibling_median,1.0,4,3.0,3.4641016151377544,medium
1000025,3004282,sibling_median,1.0,4,3.0,3.4641016151377544,medium
1000025,3004066,sibling_median,1.5,6,3.6666666666666665,4.307615994440029,medium
1000025,3004104,sibling_median,1.0,4,9.75,15.155444566227676,medium
1000025,3004116,sibling_median,4.0,5,5.2,5.5641710972974225,medium
1000025,3004149,sibling_median,13.0,4,13.0,12.0,medium
1000025,3004239,sibling_median,1.0,3,8.666666666666666,11.556623882239812,medium
1000025,3004251,sibling_median,1.0,4,3.0,3.4641016151377544,medium
1000025,3004273,sibling_median,4.0,3,4.666666666666667,3.2998316455372216,medium
1000025,3004305,sibling_median,9.0,7,13.285714285714286,15.790723187223257,medium
1000025,3004105,sibling_median,1.0,4,9.75,15.155444566227676,medium
1000025,3004117,sibling_median,4.0,5,5.2,5.5641710972974225,medium
1000025,3004164,sibling_median,6.5,4,9.75,9.256754290786809,medium
1000025,3004206,sibling_median,2.5,6,6.833333333333333,8.610394235392993,medium
1000025,3004240,sibling_median,1.0,3,8.666666666666666,11.556623882239812,medium
1000025,3004252,sibling_median,1.0,4,3.0,3.4641016151377544,medium
1000025,3004285,sibling_median,1.0,4,3.0,3.4641016151377544,medium
1000025,3004151,sibling_median,13.0,4,13.0,12.0,medium
1000025,3004165,sibling_median,6.5,4,9.75,9.256754290786809,medium
1000025,3004207,sibling_median,2.5,6,6.833333333333333,8.610394235392993,medium
1000025,3004253,sibling_median,1.0,4,3.0,3.4641016151377544,medium
1000025,3004275,sibling_median,4.0,3,4.666666666666667,3.2998316455372216,medium
1000025,3004286,sibling_median,1.0,4,3.0,3.4641016151377544,medium
1000025,3004052,sibling_median,1.5,6,8.0,9.763879010584539,medium
1000025,3004069,sibling_median,1.5,6,3.6666666666666665,4.307615994440029,medium
1000025,3004107,sibling_median,1.0,4,9.75,15.155444566227676,medium
1000025,3004119,sibling_median,4.0,5,5.2,5.5641710972974225,medium
1000025,3004166,sibling_median,6.5,4,9.75,9.256754290786809,medium
1000025,3004195,sibling_median,1.0,5,8.8,9.96794863550169,medium
1000025,3004208,sibling_median,2.5,6,6.833333333333333,8.610394235392993,medium
1000025,3004242,sibling_median,1.0,3,8.666666666666666,11.556623882239812,medium
1000025,3004254,sibling_median,1.0,4,3.0,3.4641016151377544,medium
1000025,3004287,sibling_median,1.0,4,3.0,3.4641016151377544,medium
1000032,3005394,sibling_median,24.5,2,24.5,20.5,medium
1000032,3005402,sibling_median,25.0,2,25.0,21.0,medium
1000032,3005442,sibling_median,79.0,2,79.0,25.0,medium
1000032,3005425,sibling_median,117.5,2,117.5,18.5,medium
1000032,3005405,sibling_median,25.0,2,25.0,21.0,medium
1000032,3005406,sibling_median,25.0,2,25.0,21.0,medium
1000061,3007368,sibling_median,64.0,2,64.0,0.0,medium
1000062,3007375,sibling_median,64.0,2,64.0,0.0,medium
1000096,3012141,sibling_median,4.0,3,42.333333333333336,54.92014404771915,medium
1000096,3012301,sibling_median,53.0,3,99.0,89.40917178902845,medium
1000097,3012203,sibling_median,11.0,5,30.4,32.07241805664175,medium
1000101,3012533,sibling_median,30.0,3,89.0,102.37512718754817,medium
1000127,3014178,sibling_median,13.5,2,13.5,12.5,medium
1000140,3014810,sibling_median,39.0,4,39.5,22.096379793984354,medium
1000147,3015381,sibling_median,63.5,2,63.5,12.5,medium
1000201,3017896,sibling_median,129.0,2,129.0,120.0,medium
1000223,3018431,sibling_median,18.5,2,18.5,17.5,medium
1000227,3018469,sibling_median,9.0,5,24.8,26.47564918939666,medium
1000227,3018493,sibling_median,1.0,5,5.6,6.053098380168622,medium
1000227,3018464,sibling_median,2.5,4,2.5,1.5,medium
1000227,3018488,sibling_median,1.0,5,3.2,3.1240998703626617,medium
1000227,3018465,sibling_median,2.5,4,2.5,1.5,medium
1000227,3018484,sibling_median,1.0,5,3.2,3.124099870362662,medium
1000227,3018480,sibling_median,1.0,5,1.0,0.0,medium
1000238,3019461,sibling_median,21.0,5,28.2,21.065611787935328,medium
1000238,3019472,sibling_median,36.0,3,33.666666666666664,13.572848714334887,medium
1000238,3019506,sibling_median,1.0,2,1.0,0.0,medium
1000244,3019765,sibling_median,2.5,6,4.166666666666667,3.5784850922639815,medium
1000244,3019776,sibling_median,10.0,2,10.0,6.0,medium
1000244,3019770,sibling_median,2.5,6,4.166666666666667,3.5784850922639815,medium
1000270,3021139,sibling_median,5.0,2,5.0,4.0,medium
1000270,3021128,sibling_median,27.0,2,27.0,18.0,medium
1000271,3021275,sibling_median,14.5,2,14.5,10.5,medium
1000273,3021704,sibling_median,10.0,2,10.0,6.0,medium
1000275,3022094,sibling_median,1.0,2,1.0,0.0,medium
1000275,3022138,sibling_median,32.5,2,32.5,31.5,medium
1000279,3022393,sibling_median,30.5,2,30.5,14.5,medium
1000279,3022401,sibling_median,22.5,2,22.5,22.5,medium
1000279,3022458,sibling_median,52.5,2,52.5,33.5,medium
1000279,3022473,sibling_median,49.0,3,40.0,13.4412301024373,medium
1000279,3022565,sibling_median,10.5,2,10.5,8.5,medium
1000279,3022576,sibling_median,26.0,2,26.0,10.0,medium
1000279,3022594,sibling_median,22.5,2,22.5,6.5,medium
1000279,3022610,sibling_median,94.5,2,94.5,84.5,medium
1000279,3022624,sibling_median,260.5,2,260.5,250.5,medium
1000279,3022652,sibling_median,287.5,2,287.5,98.5,medium
1000279,3022658,sibling_median,205.5,2,205.5,159.5,medium
1000279,3022662,sibling_median,132.5,2,132.5,66.5,medium
1000279,3022694,sibling_median,8.5,2,8.5,7.5,medium
1000279,3022698,sibling_median,29.5,2,29.5,20.5,medium
1000279,3022704,sibling_median,25.0,3,31.333333333333332,20.499322482029065,medium
1000279,3022715,sibling_median,49.0,3,40.0,14.165686240583852,medium
1000279,3030254,sibling_median,20.0,9,21.0,11.274356350191843,medium
1000279,3022285,sibling_median,18.5,2,18.5,7.5,medium
1000279,3022340,sibling_median,63.5,2,63.5,62.5,medium
1000279,3022366,sibling_median,42.0,2,42.0,33.0,medium
1000279,3022459,sibling_median,52.5,2,52.5,33.5,medium
1000279,3022474,sibling_median,49.0,3,40.0,13.4412301024373,medium
1000279,3022533,sibling_median,20.0,2,20.0,0.0,medium
1000279,3022566,sibling_median,10.5,2,10.5,8.5,medium
1000279,3022577,sibling_median,26.0,2,26.0,10.0,medium
1000279,3022595,sibling_median,22.5,2,22.5,6.5,medium
1000279,3022615,sibling_median,64.0,3,102.66666666666667,84.55898664377561,medium
1000279,3022625,sibling_median,260.5,2,260.5,250.5,medium
1000279,3022634,sibling_median,6.0,2,6.0,5.0,medium
1000279,3022637,sibling_median,22.0,2,22.0,13.0,medium
1000279,3022695,sibling_median,8.5,2,8.5,7.5,medium
1000279,3022699,sibling_median,29.5,2,29.5,20.5,medium
1000279,3022705,sibling_median,25.0,3,31.333333333333332,20.499322482029065,medium
1000279,3022710,sibling_median,10.0,5,26.6,20.828826179120128,medium
1000279,3022286,sibling_median,18.5,2,18.5,7.5,medium
1000279,3022460,sibling_median,52.5,2,52.5,33.5,medium
1000279,3022534,sibling_median,20.0,2,20.0,0.0,medium
1000279,3022626,sibling_median,260.5,2,260.5,250.5,medium
1000279,3022638,sibling_median,22.0,2,22.0,13.0,medium
1000279,3022700,sibling_median,29.5,2,29.5,20.5,medium
1000279,3022396,sibling_median,30.5,2,30.5,14.5,medium
1000279,3022568,sibling_median,10.5,2,10.5,8.5,medium
1000279,3022579,sibling_median,26.0,2,26.0,10.0,medium
1000279,3022617,sibling_median,64.0,3,102.66666666666667,84.55898664377561,medium
1000279,3022569,sibling_median,10.5,2,10.5,8.5,medium
1000279,3022640,sibling_median,22.0,2,22.0,13.0,medium
1000279,3022703,sibling_median,29.5,2,29.5,20.5,medium
1000279,3022737,sibling_median,11.0,5,43.8,60.73022311831235,medium
1000279,3030260,sibling_median,20.0,9,21.0,11.274356350191843,medium
1000279,3030261,sibling_median,20.0,9,21.0,11.274356350191843,medium
1000279,3030263,sibling_median,20.0,9,21.0,11.274356350191843,medium
1000279,3023162,sibling_median,79.0,5,129.6,154.84392141766494,medium
1000279,3023174,sibling_median,35.0,9,69.55555555555556,71.73734671410874,medium
1000279,3023192,sibling_median,40.0,3,63.333333333333336,37.32142667274241,medium
1000279,3023234,sibling_median,277.5,2,277.5,96.5,medium
1000279,3023276,sibling_median,25.0,2,25.0,15.0,medium
1000279,3023286,sibling_median,21.0,3,20.0,8.602325267042627,medium
1000279,3030232,sibling_median,22.5,2,22.5,2.5,medium
1000279,3023277,sibling_median,25.0,2,25.0,15.0,medium
1000279,3030111,sibling_median,27.5,2,27.5,2.5,medium
1000279,3023196,sibling_median,92.0,2,92.0,28.0,medium
1000279,3030164,sibling_median,43.0,2,43.0,23.0,medium
1000279,3030169,sibling_median,36.0,2,36.0,5.0,medium
1000279,3030218,sibling_median,37.0,2,37.0,33.0,medium
1000279,3023221,sibling_median,40.0,4,57.5,52.02643558807387,medium
1000279,3023199,sibling_median,92.0,2,92.0,28.0,medium
1000280,3022975,sibling_median,10.0,2,10.0,6.0,medium
1000280,3022964,sibling_median,89.0,3,137.66666666666666,113.13806707833673,medium
1000280,3041417,sibling_median,29.0,3,28.0,6.97614984548545,medium
1000292,3024521,sibling_median,10.0,4,11.0,5.744562646538029,medium
1000292,3024697,sibling_median,2.5,2,2.5,1.5,medium
1000292,3024282,sibling_median,49.0,3,76.0,60.64651680022522,medium
1000292,3024396,sibling_median,1.0,5,3.2,3.124099870362662,medium
1000292,3024552,sibling_median,9.0,5,32.4,39.82260664496989,medium
1000292,3024559,sibling_median,30.0,8,37.5,21.540659228538015,medium
1000292,3024568,sibling_median,16.0,5,20.8,15.011995203836165,medium
1000292,3024277,sibling_median,10.0,3,23.0,18.384776310850235,medium
1000292,3024288,sibling_median,25.5,8,27.875,15.830646701888082,medium
1000292,3024442,sibling_median,1.0,6,8.0,14.352700094407323,medium
1000292,3024569,sibling_median,16.0,5,20.8,15.011995203836165,medium
1000292,3024620,sibling_median,16.0,3,30.333333333333332,20.27039439401436,medium
1000292,3024628,sibling_median,52.5,2,52.5,32.5,medium
1000292,3024644,sibling_median,14.0,3,16.0,6.683312551921141,medium
1000292,3024668,sibling_median,9.0,3,12.666666666666666,8.9566858950296,medium
1000292,3024686,sibling_median,5.0,2,5.0,0.0,medium
1000292,3024727,sibling_median,9.5,2,9.5,0.5,medium
1000292,3024278,sibling_median,10.0,3,23.0,18.384776310850235,medium
1000292,3024454,sibling_median,1.0,3,2.6666666666666665,2.3570226039551585,medium
1000292,3024475,sibling_median,2.0,3,4.0,3.559026084010437,medium
1000292,3024597,sibling_median,17.5,6,21.333333333333332,16.94763175851488,medium
1000292,3024621,sibling_median,16.0,3,30.333333333333332,20.27039439401436,medium
1000292,3024629,sibling_median,52.5,2,52.5,32.5,medium
1000292,3024659,sibling_median,16.0,4,27.0,28.38133189263675,medium
1000292,3024674,sibling_median,2.0,3,2.3333333333333335,1.247219128924647,medium
1000292,3024736,sibling_median,4.5,4,6.5,5.678908345800274,medium
1000292,3024285,sibling_median,49.0,3,76.0,60.64651680022522,medium
1000292,3024314,sibling_median,40.5,6,37.166666666666664,18.397614579673697,medium
1000292,3024405,sibling_median,4.0,4,5.25,2.165063509461097,medium
1000292,3024630,sibling_median,52.5,2,52.5,32.5,medium
1000292,3024670,sibling_median,9.0,3,12.666666666666666,8.9566858950296,medium
1000292,3024717,sibling_median,2.5,4,3.75,3.2691742076555053,medium
1000292,3024743,sibling_median,2.5,6,2.5,1.5,medium
1000292,3024750,sibling_median,4.0,4,3.5,1.5,medium
1000292,3024755,sibling_median,4.0,4,3.5,1.5,medium
1000292,3024280,sibling_median,10.0,3,23.0,18.384776310850235,medium
1000292,3024387,sibling_median,4.0,5,5.4,3.1368774282716245,medium
1000292,3024482,sibling_median,1.0,6,2.0,1.4142135623730951,medium
1000292,3024599,sibling_median,17.5,6,21.333333333333332,16.94763175851488,medium
1000292,3024623,sibling_median,16.0,3,30.333333333333332,20.27039439401436,medium
1000292,3024738,sibling_median,4.5,4,6.5,5.678908345800274,medium
1000292,3024316,sibling_median,40.5,6,37.166666666666664,18.397614579673697,medium
1000292,3024381,sibling_median,1.5,6,2.1666666666666665,1.3437096247164249,medium
1000292,3024394,sibling_median,4.0,6,3.0,1.4142135623730951,medium
1000292,3024537,sibling_median,16.0,6,25.5,25.071564237863846,medium
1000292,3024557,sibling_median,9.0,5,32.4,39.82260664496989,medium
1000292,3024624,sibling_median,16.0,3,30.333333333333332,20.27039439401436,medium
1000292,3024462,sibling_median,1.0,7,11.571428571428571,21.579468700312226,medium
1000292,3024538,sibling_median,16.0,6,25.5,25.071564237863846,medium
1000292,3024617,sibling_median,16.0,7,12.428571428571429,7.9616427389101565,medium
1000292,3024625,sibling_median,16.0,3,30.333333333333332,20.27039439401436,medium
1000292,3024307,sibling_median,34.5,8,35.625,24.07767378714148,medium
1000292,3024590,sibling_median,16.0,9,19.555555555555557,11.823809417264913,medium
1000293,3024976,sibling_median,5.0,3,7.333333333333333,6.342099196813483,medium
1000293,3024995,sibling_median,49.0,3,46.333333333333336,29.4542960458327,medium
1000293,3025014,sibling_median,34.0,2,34.0,30.0,medium
1000293,3025052,sibling_median,16.0,3,22.333333333333332,8.9566858950296,medium
1000293,3025080,sibling_median,26.0,2,26.0,10.0,medium
1000293,3025024,sibling_median,4.0,3,4.666666666666667,3.2998316455372216,medium
1000293,3025030,sibling_median,25.0,3,22.333333333333332,4.496912521077347,medium
1000293,3025093,sibling_median,18.0,2,18.0,7.0,medium
1000293,3024958,sibling_median,24.0,3,16.666666666666668,11.08552609887726,medium
1000293,3024989,sibling_median,5.0,2,5.0,4.0,medium
1000293,3025007,sibling_median,12.0,2,12.0,8.0,medium
1000293,3025069,sibling_median,29.0,2,29.0,20.0,medium
1000293,3025085,sibling_median,49.0,3,48.666666666666664,38.784303812524755,medium
1000293,3024975,sibling_median,25.0,3,20.333333333333332,6.599663291074443,medium
1000293,3024984,sibling_median,10.0,3,25.0,27.820855486487112,medium
1000293,3025002,sibling_median,5.0,4,5.25,4.264680527307995,medium
1000293,3025098,sibling_median,46.0,3,32.0,21.95449840010015,medium
1000293,3024980,sibling_median,5.0,3,7.333333333333333,6.342099196813483,medium
1000293,3024985,sibling_median,10.0,3,25.0,27.820855486487112,medium
1000293,3025004,sibling_median,5.0,4,5.25,4.264680527307995,medium
1000295,3025162,sibling_median,1.0,3,2.0,1.4142135623730951,medium
1000295,3025171,sibling_median,9.0,9,14.11111111111111,12.40469843284699,medium
1000298,3025326,sibling_median,30.0,3,29.666666666666668,16.73983937265296,medium
1000298,3025343,sibling_median,9.0,5,13.8,10.107423014794623,medium
1000298,3025353,sibling_median,1.0,5,6.6,7.552483035399682,medium
1000298,3025365,sibling_median,29.5,4,28.25,21.821720830401986,medium
1000298,3025390,sibling_median,30.0,3,35.333333333333336,18.354533197248273,medium
1000298,3025397,sibling_median,10.0,3,10.333333333333334,7.760297817881877,medium
1000298,3025404,sibling_median,12.0,2,12.0,8.0,medium
1000298,3025407,sibling_median,5.5,2,5.5,4.5,medium
1000298,3025413,sibling_median,23.0,4,22.75,15.417117110536587,medium
1000298,3025434,sibling_median,30.0,3,40.0,29.43920288775949,medium
1000298,3025439,sibling_median,25.0,2,25.0,5.0,medium
1000298,3025449,sibling_median,30.0,4,27.75,17.469616481193857,medium
1000298,3025456,sibling_median,25.0,2,25.0,5.0,medium
1000298,3025488,sibling_median,12.0,4,16.25,15.497983739828868,medium
1000298,3025319,sibling_median,10.0,3,10.333333333333334,7.760297817881877,medium
1000298,3025323,sibling_median,10.0,3,7.0,4.242640687119285,medium
1000298,3025444,sibling_median,20.0,3,17.0,12.027745701779143,medium
1000298,3025494,sibling_median,10.0,5,16.4,18.20549367636044,medium
1000298,3025305,sibling_median,10.0,3,10.333333333333334,7.760297817881877,medium
1000298,3025363,sibling_median,10.0,3,7.0,4.242640687119285,medium
1000298,3025329,sibling_median,30.0,3,29.666666666666668,16.73983937265296,medium
1000298,3025433,sibling_median,15.0,4,17.5,8.2915619758885,medium
1000298,3025331,sibling_median,30.0,3,29.666666666666668,16.73983937265296,medium
1000298,3025483,sibling_median,1.5,4,3.25,3.344772040064913,medium
1000298,3025476,sibling_median,1.5,4,2.0,1.224744871391589,medium
1000299,3025582,sibling_median,40.0,5,38.2,25.317187837514656,medium
1000299,3025670,sibling_median,10.0,5,13.2,8.423775875461075,medium
1000299,3025678,sibling_median,32.5,4,31.25,15.155444566227676,medium
1000299,3025691,sibling_median,4.0,5,13.2,18.69117438792972,medium
1000299,3025718,sibling_median,92.5,4,106.25,25.897635027160298,medium
1000299,3025719,sibling_median,92.5,4,106.25,25.897635027160298,medium
1000299,3025598,sibling_median,10.0,4,15.0,8.660254037844387,medium
1000299,3025609,sibling_median,10.0,7,24.428571428571427,29.53379247504769,medium
1000299,3025638,sibling_median,15.5,8,26.5,25.748786379167466,medium
1000299,3025720,sibling_median,92.5,4,106.25,25.897635027160298,medium
1000299,3025569,sibling_median,30.0,5,30.4,24.253659517689286,medium
1000299,3025599,sibling_median,10.0,4,15.0,8.660254037844387,medium
1000299,3025694,sibling_median,4.0,5,13.2,18.69117438792972,medium
1000299,3025570,sibling_median,30.0,5,30.4,24.253659517689286,medium
1000299,3025586,sibling_median,40.0,5,38.2,25.317187837514656,medium
1000299,3025600,sibling_median,10.0,4,15.0,8.660254037844387,medium
1000299,3025676,sibling_median,10.0,5,13.2,8.423775875461075,medium
1000299,3025603,sibling_median,15.0,2,15.0,5.0,medium
1000299,3025604,sibling_median,15.0,2,15.0,5.0,medium
1000301,3025932,sibling_median,49.0,2,49.0,5.0,medium
1000314,3026801,sibling_median,180.5,10,274.4,331.38714519425764,medium
1000316,3026966,sibling_median,20.0,5,19.2,8.975522268926749,medium
1000316,3026972,sibling_median,10.0,5,11.2,2.4,medium
1000316,3026979,sibling_median,20.0,3,23.333333333333332,9.285592184789413,medium
1000316,3027017,sibling_median,9.0,4,10.75,3.031088913245535,medium
1000316,3027025,sibling_median,10.0,3,18.666666666666668,12.256517540566824,medium
1000316,3027028,sibling_median,10.0,3,18.666666666666668,12.256517540566824,medium
1000316,3026984,sibling_median,9.0,3,9.666666666666666,4.921607686744467,medium
1000317,3027044,sibling_median,1.0,2,1.0,0.0,medium
1000317,3027072,sibling_median,5.5,4,53.0,84.94998528546076,medium
1000317,3027084,sibling_median,1.0,5,42.6,78.77715404861996,medium
1000317,3027045,sibling_median,1.0,2,1.0,0.0,medium
1000317,3027068,sibling_median,1.0,3,4.0,4.242640687119285,medium
1000317,3027046,sibling_median,1.0,2,1.0,0.0,medium
1000317,3027064,sibling_median,102.0,2,102.0,98.0,medium
1000317,3027065,sibling_median,102.0,2,102.0,98.0,medium
1000317,3027066,sibling_median,102.0,2,102.0,98.0,medium
1000317,3027071,sibling_median,1.0,3,4.0,4.242640687119285,medium
1000317,3027049,sibling_median,1.0,2,1.0,0.0,medium
1000317,3027055,sibling_median,4.0,5,46.4,77.36821052602936,medium
1000317,3027061,sibling_median,1.0,5,82.4,158.84155627542813,medium
1000317,3027077,sibling_median,5.5,4,53.0,84.94998528546076,medium
1000317,3027083,sibling_median,4.0,5,46.2,77.42196070883249,medium
1000319,3027129,sibling_median,205.0,2,205.0,195.0,medium
1000321,3027501,sibling_median,1.0,3,1.0,0.0,medium
1000321,3027763,sibling_median,9.0,6,8.666666666666666,6.128258770283412,medium
1000321,3028120,sibling_median,2.5,2,2.5,1.5,medium
1000321,3028161,sibling_median,1.0,4,1.75,1.299038105676658,medium
1000321,3027641,sibling_median,1.0,3,1.0,0.0,medium
1000321,3027748,sibling_median,1.0,4,1.0,0.0,medium
1000321,3027764,sibling_median,9.0,6,8.666666666666666,6.128258770283412,medium
1000321,3028035,sibling_median,16.0,7,30.428571428571427,25.314350209527642,medium
1000321,3028121,sibling_median,2.5,2,2.5,1.5,medium
1000321,3028146,sibling_median,2.5,6,8.0,9.273618495495704,medium
1000321,3028162,sibling_median,1.0,4,1.75,1.299038105676658,medium
1000321,3029982,sibling_median,2.5,2,2.5,1.5,medium
1000321,3027576,sibling_median,1.0,2,1.0,0.0,medium
1000321,3027642,sibling_median,1.0,3,1.0,0.0,medium
1000321,3028122,sibling_median,2.5,2,2.5,1.5,medium
1000321,3029895,sibling_median,1.0,2,1.0,0.0,medium
1000321,3029944,sibling_median,1.0,2,1.0,0.0,medium
1000321,3029952,sibling_median,4.0,6,4.0,0.0,medium
1000321,3029983,sibling_median,2.5,2,2.5,1.5,medium
1000321,3030008,sibling_median,1.0,2,1.0,0.0,medium
1000321,3027504,sibling_median,1.0,3,1.0,0.0,medium
1000321,3027577,sibling_median,1.0,2,1.0,0.0,medium
1000321,3027643,sibling_median,1.0,3,1.0,0.0,medium
1000321,3028115,sibling_median,1.0,4,1.75,1.299038105676658,medium
1000321,3028172,sibling_median,1.0,3,6.0,7.0710678118654755,medium
1000321,3029896,sibling_median,1.0,2,1.0,0.0,medium
1000321,3029945,sibling_median,1.0,2,1.0,0.0,medium
1000321,3029984,sibling_median,2.5,2,2.5,1.5,medium
1000321,3030009,sibling_median,1.0,2,1.0,0.0,medium
1000321,3027505,sibling_median,1.0,3,1.0,0.0,medium
1000321,3027578,sibling_median,1.0,2,1.0,0.0,medium
1000321,3028116,sibling_median,1.0,4,1.75,1.299038105676658,medium
1000321,3028165,sibling_median,1.0,4,1.75,1.299038105676658,medium
1000321,3028173,sibling_median,1.0,3,6.0,7.0710678118654755,medium
1000321,3029897,sibling_median,1.0,2,1.0,0.0,medium
1000321,3029946,sibling_median,1.0,2,1.0,0.0,medium
1000321,3029954,sibling_median,4.0,6,4.0,0.0,medium
1000321,3030010,sibling_median,1.0,2,1.0,0.0,medium
1000321,3027579,sibling_median,1.0,2,1.0,0.0,medium
1000321,3027752,sibling_median,1.0,4,1.0,0.0,medium
1000321,3028117,sibling_median,1.0,4,1.75,1.299038105676658,medium
1000321,3028125,sibling_median,2.5,2,2.5,1.5,medium
1000321,3028166,sibling_median,1.0,4,1.75,1.299038105676658,medium
1000321,3028174,sibling_median,1.0,3,6.0,7.0710678118654755,medium
1000321,3029898,sibling_median,1.0,2,1.0,0.0,medium
1000321,3029947,sibling_median,1.0,2,1.0,0.0,medium
1000321,3029986,sibling_median,2.5,2,2.5,1.5,medium
1000321,3030011,sibling_median,1.0,2,1.0,0.0,medium
1000321,3030019,sibling_median,1.0,7,11.142857142857142,21.75466171013581,medium
1000321,3027507,sibling_median,1.0,3,1.0,0.0,medium
1000321,3027580,sibling_median,1.0,2,1.0,0.0,medium
1000321,3027646,sibling_median,1.0,3,1.0,0.0,medium
1000321,3027753,sibling_median,1.0,4,1.0,0.0,medium
1000321,3028126,sibling_median,2.5,2,2.5,1.5,medium
1000321,3028175,sibling_median,1.0,3,6.0,7.0710678118654755,medium
1000321,3029899,sibling_median,1.0,2,1.0,0.0,medium
1000321,3029948,sibling_median,1.0,2,1.0,0.0,medium
1000321,3029987,sibling_median,2.5,2,2.5,1.5,medium
1000321,3030012,sibling_median,1.0,2,1.0,0.0,medium
1000321,3027466,sibling_median,4.0,7,2.7142857142857144,1.4846149779161806,medium
1000321,3027508,sibling_median,1.0,3,1.0,0.0,medium
1000321,3027581,sibling_median,1.0,2,1.0,0.0,medium
1000321,3027647,sibling_median,1.0,3,1.0,0.0,medium
1000321,3027754,sibling_median,1.0,4,1.0,0.0,medium
1000321,3028119,sibling_median,1.0,4,1.75,1.299038105676658,medium
1000321,3028127,sibling_median,2.5,2,2.5,1.5,medium
1000321,3028152,sibling_median,2.5,6,8.0,9.273618495495704,medium
1000321,3028176,sibling_median,1.0,3,6.0,7.0710678118654755,medium
1000321,3029900,sibling_median,1.0,2,1.0,0.0,medium
1000321,3029949,sibling_median,1.0,2,1.0,0.0,medium
1000321,3029988,sibling_median,2.5,2,2.5,1.5,medium
1000321,3030013,sibling_median,1.0,2,1.0,0.0,medium
1000321,3028177,sibling_median,1.0,3,6.0,7.0710678118654755,medium
1000321,3029901,sibling_median,1.0,2,1.0,0.0,medium
1000321,3027649,sibling_median,1.0,3,1.0,0.0,medium
1000321,3027982,sibling_median,1.0,4,3.0,3.4641016151377544,medium
1000321,3027494,sibling_median,2.5,4,2.5,1.5,medium
1000321,3027983,sibling_median,1.0,4,3.0,3.4641016151377544,medium
1000321,3028179,sibling_median,2.5,2,2.5,1.5,medium
1000321,3027495,sibling_median,2.5,4,2.5,1.5,medium
1000321,3027651,sibling_median,1.0,3,1.0,0.0,medium
1000321,3027798,sibling_median,5.0,4,5.0,4.0,medium
1000321,3027984,sibling_median,1.0,4,3.0,3.4641016151377544,medium
1000321,3027652,sibling_median,1.0,3,1.0,0.0,medium
1000321,3028181,sibling_median,2.5,2,2.5,1.5,medium
1000321,3028182,sibling_median,2.5,2,2.5,1.5,medium
1000321,3027498,sibling_median,2.5,4,2.5,1.5,medium
1000321,3027654,sibling_median,1.0,3,1.0,0.0,medium
1000321,3027801,sibling_median,5.0,4,5.0,4.0,medium
1000321,3028183,sibling_median,2.5,2,2.5,1.5,medium
1000321,3027802,sibling_median,5.0,4,5.0,4.0,medium
1000321,3027988,sibling_median,1.0,4,3.0,3.4641016151377544,medium
1000321,3028184,sibling_median,2.5,2,2.5,1.5,medium
1000321,3027500,sibling_median,2.5,4,2.5,1.5,medium
1000321,3027656,sibling_median,1.0,3,1.0,0.0,medium
1000321,3027803,sibling_median,5.0,4,5.0,4.0,medium
1000321,3028185,sibling_median,2.5,2,2.5,1.5,medium
1000323,3028389,sibling_median,88.0,2,88.0,62.0,medium
1000323,3028498,sibling_median,10.0,3,9.0,6.164414002968976,medium
1000323,3028503,sibling_median,10.5,2,10.5,0.5,medium
1000323,3028507,sibling_median,19.0,3,16.0,8.831760866327848,medium
1000323,3028512,sibling_median,4.0,3,5.0,3.7416573867739413,medium
1000323,3028390,sibling_median,88.0,2,88.0,62.0,medium
1000323,3028402,sibling_median,53.0,4,67.25,56.839137044821506,medium
1000323,3028491,sibling_median,10.0,4,11.5,9.604686356149273,medium
1000323,3028391,sibling_median,88.0,2,88.0,62.0,medium
1000323,3028434,sibling_median,2.5,2,2.5,1.5,medium
1000323,3028441,sibling_median,13.0,2,13.0,12.0,medium
1000323,3028444,sibling_median,32.5,2,32.5,31.5,medium
1000323,3028456,sibling_median,15.0,4,20.75,17.282577932704367,medium
1000323,3028488,sibling_median,25.0,3,33.333333333333336,30.379086373505196,medium
1000323,3028505,sibling_median,10.5,2,10.5,0.5,medium
1000323,3028533,sibling_median,20.0,2,20.0,16.0,medium
1000323,3028392,sibling_median,88.0,2,88.0,62.0,medium
1000323,3028435,sibling_median,2.5,2,2.5,1.5,medium
1000323,3028445,sibling_median,32.5,2,32.5,31.5,medium
1000323,3028501,sibling_median,10.0,3,9.0,6.164414002968976,medium
1000323,3028510,sibling_median,19.0,3,16.0,8.831760866327848,medium
1000323,3028515,sibling_median,4.0,3,5.0,3.7416573867739413,medium
1000323,3028534,sibling_median,20.0,2,20.0,16.0,medium
1000323,3028393,sibling_median,88.0,2,88.0,62.0,medium
1000323,3028472,sibling_median,1.0,4,21.0,34.64101615137755,medium
1000323,3028494,sibling_median,10.0,4,11.5,9.604686356149273,medium
1000323,3028394,sibling_median,88.0,2,88.0,62.0,medium
1000323,3028406,sibling_median,53.0,4,67.25,56.839137044821506,medium
1000323,3028473,sibling_median,1.0,4,21.0,34.64101615137755,medium
1000323,3028415,sibling_median,42.5,8,59.875,65.82635775280295,medium
1000323,3028416,sibling_median,42.5,8,59.875,65.82635775280295,medium
1000323,3028417,sibling_median,42.5,8,59.875,65.82635775280295,medium
1000329,3028904,sibling_median,54.5,2,54.5,29.5,medium
1000329,3028940,sibling_median,16.0,3,27.0,26.870057685088806,medium
1000329,3028968,sibling_median,16.0,3,20.666666666666668,18.263503375736967,medium
1000329,3028986,sibling_median,9.0,3,13.0,9.41629792788369,medium
1000329,3029022,sibling_median,37.0,2,37.0,12.0,medium
1000329,3029027,sibling_median,9.0,3,27.333333333333332,25.927248643506744,medium
1000329,3028973,sibling_median,10.5,2,10.5,9.5,medium
1000329,3028992,sibling_median,21.0,3,47.666666666666664,46.45667037382492,medium
1000329,3028928,sibling_median,51.0,2,51.0,50.0,medium
1000329,3028948,sibling_median,95.5,2,95.5,59.5,medium
1000329,3028951,sibling_median,41.5,2,41.5,32.5,medium
1000329,3028959,sibling_median,4.0,3,14.333333333333334,14.613540144521982,medium
1000329,3029002,sibling_median,6.5,4,15.75,19.40843888621648,medium
1000329,3028966,sibling_median,18.5,4,18.5,17.5,medium
1000329,3028990,sibling_median,9.0,3,13.0,9.41629792788369,medium
1000332,3029397,sibling_median,1.0,3,2.0,1.4142135623730951,medium
1000332,3029388,sibling_median,5.0,2,5.0,4.0,medium
1000333,3029536,sibling_median,12.0,2,12.0,8.0,medium
1000333,3029546,sibling_median,9.0,2,9.0,5.0,medium
1000337,3030452,sibling_median,154.0,2,154.0,105.0,medium
1000337,3030479,sibling_median,231.0,2,231.0,181.0,medium
1000337,3030453,sibling_median,154.0,2,154.0,105.0,medium
1000337,3030458,sibling_median,90.0,5,254.4,363.560503905471,medium
1000337,3030455,sibling_median,154.0,2,154.0,105.0,medium
1000337,3030460,sibling_median,90.0,5,254.4,363.560503905471,medium
1000337,3030463,sibling_median,90.0,5,254.4,363.560503905471,medium
1000339,3030528,sibling_median,47.0,3,35.0,18.40289832245635,medium
1000339,3030531,sibling_median,47.0,3,35.0,18.40289832245635,medium
1000339,3030533,sibling_median,47.0,3,35.0,18.40289832245635,medium
1000339,3030549,sibling_median,9.0,21,19.333333333333332,27.049044228046093,medium
1000339,3030553,sibling_median,9.0,21,19.333333333333332,27.049044228046093,medium
1000339,3030560,sibling_median,9.0,21,19.333333333333332,27.049044228046093,medium
1000340,3030676,sibling_median,1.0,2,1.0,0.0,medium
1000340,3030771,sibling_median,9.0,5,12.4,12.009995836801943,medium
1000340,3030681,sibling_median,7.0,8,15.125,16.796111901270486,medium
1000340,3030739,sibling_median,4.0,10,7.0,7.8230428862431785,medium
1000340,3030800,sibling_median,9.0,2,9.0,5.0,medium
1000340,3030757,sibling_median,5.0,2,5.0,4.0,medium
1000340,3030773,sibling_median,9.0,5,12.4,12.009995836801943,medium
1000340,3030786,sibling_median,4.0,7,4.428571428571429,3.7742413753208304,medium
1000340,3030801,sibling_median,9.0,2,9.0,5.0,medium
1000340,3030699,sibling_median,1.0,3,6.0,7.0710678118654755,medium
1000340,3030705,sibling_median,4.0,3,7.0,6.48074069840786,medium
1000340,3030712,sibling_median,4.0,3,3.0,1.4142135623730951,medium
1000340,3030717,sibling_median,1.0,4,1.75,1.299038105676658,medium
1000340,3030736,sibling_median,1.0,3,2.0,1.4142135623730951,medium
1000340,3030761,sibling_median,4.0,3,7.333333333333333,6.18241233033047,medium
1000340,3030700,sibling_median,1.0,3,6.0,7.0710678118654755,medium
1000340,3030803,sibling_median,9.0,2,9.0,5.0,medium
1000340,3030804,sibling_median,9.0,2,9.0,5.0,medium
1000340,3030686,sibling_median,7.0,8,15.125,16.796111901270486,medium
1000340,3030805,sibling_median,9.0,2,9.0,5.0,medium
1000340,3030791,sibling_median,4.0,7,4.428571428571429,3.7742413753208304,medium
1000345,3031419,sibling_median,63.5,2,63.5,27.5,medium
1000345,3031448,sibling_median,9.0,2,9.0,0.0,medium
1000347,3031552,sibling_median,59.0,3,78.66666666666667,32.14895885647863,medium
1000352,3031659,sibling_median,20.0,4,17.5,4.330127018922194,medium
1000352,3031673,sibling_median,10.0,5,10.0,0.0,medium
1000352,3031682,sibling_median,10.0,4,17.5,12.99038105676658,medium
1000352,3031688,sibling_median,30.0,4,30.0,14.142135623730951,medium
1000352,3031663,sibling_median,20.0,4,17.5,4.330127018922194,medium
1000352,3031689,sibling_median,30.0,4,30.0,14.142135623730951,medium
1000352,3031664,sibling_median,20.0,4,17.5,4.330127018922194,medium
1000352,3031690,sibling_median,30.0,4,30.0,14.142135623730951,medium
1000352,3031665,sibling_median,20.0,4,17.5,4.330127018922194,medium
1000352,3031691,sibling_median,30.0,4,30.0,14.142135623730951,medium
1000352,3031666,sibling_median,20.0,4,17.5,4.330127018922194,medium
1000352,3031692,sibling_median,30.0,4,30.0,14.142135623730951,medium
1000352,3031693,sibling_median,30.0,4,30.0,14.142135623730951,medium
1000358,3031783,sibling_median,28.5,2,28.5,27.5,medium
1000358,3031791,sibling_median,9.0,3,9.0,6.531972647421808,medium
1000358,3031796,sibling_median,40.0,2,40.0,24.0,medium
1000358,3031801,sibling_median,40.5,2,40.5,24.5,medium
1000358,3031792,sibling_median,9.0,3,9.0,6.531972647421808,medium
1000358,3031797,sibling_median,40.0,2,40.0,24.0,medium
1000358,3031802,sibling_median,40.5,2,40.5,24.5,medium
1000358,3031800,sibling_median,40.0,2,40.0,24.0,medium
1000358,3031805,sibling_median,40.5,2,40.5,24.5,medium
1000367,3033741,sibling_median,40.0,3,40.0,0.0,medium
1000367,3033734,sibling_median,45.0,4,47.5,8.2915619758885,medium
1000367,3033743,sibling_median,40.0,3,40.0,0.0,medium
1000367,3033761,sibling_median,20.0,2,20.0,10.0,medium
1000367,3033762,sibling_median,20.0,2,20.0,10.0,medium
1000368,3033280,sibling_median,5.0,2,5.0,4.0,medium
1000368,3033260,sibling_median,1.0,3,1.0,0.0,medium
1000368,3033243,sibling_median,5.0,2,5.0,4.0,medium
1000380,3034374,sibling_median,2.5,2,2.5,1.5,medium
1000380,3034387,sibling_median,4.0,2,4.0,0.0,medium
1000387,3034840,sibling_median,54.5,4,53.5,25.184320518926057,medium
1000387,3034845,sibling_median,54.5,4,53.5,25.184320518926057,medium
1000400,3035393,sibling_median,48.0,2,48.0,2.0,medium
1000400,3035394,sibling_median,48.0,2,48.0,2.0,medium
1000401,3035441,sibling_median,76.5,4,111.5,107.03387314303822,medium
1000401,3035451,sibling_median,15.0,2,15.0,1.0,medium
1000401,3035474,sibling_median,35.0,6,46.666666666666664,48.24820088758636,medium
1000401,3035504,sibling_median,49.0,5,76.0,67.77019994068189,medium
1000401,3035475,sibling_median,35.0,6,46.666666666666664,48.24820088758636,medium
1000401,3035465,sibling_median,0.5,2,0.5,0.5,medium
1000401,3035487,sibling_median,32.5,4,130.0,187.51933233669536,medium
1000401,3035530,sibling_median,15.0,4,14.0,8.573214099741124,medium
1000401,3035532,sibling_median,15.0,4,14.0,8.573214099741124,medium
1000401,3035535,sibling_median,51.5,2,51.5,12.5,medium
1000406,3035792,sibling_median,107.5,2,107.5,106.5,medium
1000406,3035752,sibling_median,5.0,2,5.0,4.0,medium
1000406,3035795,sibling_median,107.5,2,107.5,106.5,medium
1000406,3035722,sibling_median,56.0,4,115.0,130.6942997991879,medium
1000406,3035744,sibling_median,4.0,5,15.0,24.551985663078252,medium
1000406,3035790,sibling_median,65.0,4,74.25,73.1381398450904,medium
1000413,3036255,sibling_median,7.0,2,7.0,3.0,medium
1000413,3036175,sibling_median,5.5,2,5.5,4.5,medium
1000413,3036169,sibling_median,14.0,3,18.0,13.366625103842281,medium
1000413,3036231,sibling_median,45.0,2,45.0,36.0,medium
1000415,3036353,sibling_median,5.0,2,5.0,4.0,medium
1000415,3036333,sibling_median,20.0,3,15.666666666666666,10.656244908763853,medium
1000418,3036448,sibling_median,2770.0,2,2770.0,2660.0,medium
1000418,3036452,sibling_median,10.0,5,11.0,2.0976176963403033,medium
1000418,3036457,sibling_median,10.0,5,11.0,2.0976176963403033,medium
1000418,3036458,sibling_median,10.0,5,11.0,2.0976176963403033,medium
1000423,3037153,sibling_median,37.0,2,37.0,27.0,medium
1000423,3037156,sibling_median,6.5,2,6.5,2.5,medium
1000423,3037159,sibling_median,25.0,2,25.0,24.0,medium
1000423,3037162,sibling_median,16.0,2,16.0,0.0,medium
1000423,3037168,sibling_median,30.5,2,30.5,4.5,medium
1000423,3037171,sibling_median,25.0,2,25.0,11.0,medium
1000436,3037620,sibling_median,29.5,2,29.5,20.5,medium
1000436,3037631,sibling_median,87.0,2,87.0,13.0,medium
1000442,3037776,sibling_median,9.0,3,9.0,4.08248290463863,medium
1000442,3037780,sibling_median,9.0,3,9.0,4.08248290463863,medium
1000472,3039986,sibling_median,178.5,4,330.5,342.05737822768856,medium
1000472,3039989,sibling_median,178.5,4,330.5,342.05737822768856,medium
1000477,3040216,sibling_median,4.0,3,4.666666666666667,3.2998316455372216,medium
1000477,3040288,sibling_median,18.5,2,18.5,17.5,medium
1000477,3040234,sibling_median,2.5,2,2.5,1.5,medium
1000477,3040299,sibling_median,1.0,3,1.0,0.0,medium
1000477,3040304,sibling_median,9.0,2,9.0,0.0,medium
1000477,3040309,sibling_median,22.5,2,22.5,13.5,medium
1000477,3040280,sibling_median,4.0,4,8.5,9.604686356149273,medium
1000477,3040291,sibling_median,18.5,2,18.5,17.5,medium
1000477,3040282,sibling_median,4.0,4,8.5,9.604686356149273,medium
1000488,3040531,sibling_median,1.0,2,1.0,0.0,medium
1000488,3040532,sibling_median,1.0,2,1.0,0.0,medium
1000494,3040887,sibling_median,4.0,3,4.666666666666667,4.109609335312651,medium
1000495,3040955,sibling_median,26.0,5,26.8,11.855800268223145,medium
1000495,3041013,sibling_median,10.5,2,10.5,9.5,medium
1000495,3041029,sibling_median,19.5,2,19.5,10.5,medium
1000505,3042535,sibling_median,4.0,2,4.0,0.0,medium
1000505,3042543,sibling_median,9.0,2,9.0,0.0,medium
1000505,3042547,sibling_median,2.5,2,2.5,1.5,medium
1000509,3044226,sibling_median,1.0,2,1.0,0.0,medium
1000509,3044234,sibling_median,5.0,2,5.0,4.0,medium
1000509,3044304,sibling_median,6.5,4,5.75,3.418698582794336,medium
1000515,3044407,sibling_median,7.0,2,7.0,3.0,medium
1000515,3044369,sibling_median,9.0,3,11.333333333333334,3.2998316455372216,medium
1000515,3044398,sibling_median,10.5,2,10.5,0.5,medium
1000515,3044371,sibling_median,9.0,3,11.333333333333334,3.2998316455372216,medium
1000524,3045396,sibling_median,9.0,2,9.0,0.0,medium
1000524,3045407,sibling_median,26.0,3,31.666666666666668,21.202725191719,medium
1000524,3045438,sibling_median,299.5,6,319.1666666666667,41.30139895397679,medium
1000526,3045631,sibling_median,5.5,2,5.5,4.5,medium
1000526,3045615,sibling_median,7.0,2,7.0,5.0,medium
1000526,3045742,sibling_median,2.5,2,2.5,1.5,medium
1000526,3045667,sibling_median,6.5,4,7.5,5.678908345800274,medium
1000546,3048360,sibling_median,62.5,2,62.5,38.5,medium
1000546,3048370,sibling_median,10.0,3,15.666666666666666,14.839886193034712,medium
1000546,3048322,sibling_median,2.5,4,2.5,1.5,medium
1000546,3048334,sibling_median,4.0,3,4.666666666666667,3.299831645537222,medium
1000546,3048354,sibling_median,2.5,2,2.5,1.5,medium
1000546,3048356,sibling_median,2.5,2,2.5,1.5,medium
1000546,3048347,sibling_median,2.5,4,5.5,6.18465843842649,medium
1000546,3048357,sibling_median,2.5,2,2.5,1.5,medium
1000547,3048620,sibling_median,9.0,2,9.0,5.0,medium
1000552,3048826,sibling_median,16.0,7,13.0,8.035634920242991,medium
1000552,3048827,sibling_median,16.0,7,13.0,8.035634920242991,medium
1000564,3049670,sibling_median,0.0,2,0.0,0.0,medium
1000564,3049651,sibling_median,5.0,2,5.0,5.0,medium
1000564,3049689,sibling_median,0.0,4,0.0,0.0,medium
1000565,3049961,sibling_median,20.0,7,64.28571428571429,63.43886660335576,medium
1000565,3050090,sibling_median,10.0,8,29.0,36.69809259348502,medium
1000565,3050115,sibling_median,0.5,4,2.75,4.205650960315181,medium
1000565,3050016,sibling_median,1.0,3,33.666666666666664,46.906526435265086,medium
1000565,3050017,sibling_median,1.0,3,33.666666666666664,46.906526435265086,medium
1000565,3050102,sibling_median,0.5,4,0.5,0.5,medium
1000565,3050037,sibling_median,40.0,5,52.0,46.216880033165374,medium
1000565,3049870,sibling_median,150.0,7,266.0,290.5585753583702,medium
1000565,3049900,sibling_median,100.0,7,185.71428571428572,194.55863184266533,medium
1000565,3049941,sibling_median,55.0,8,110.25,120.59306572104384,medium
1000567,3050185,sibling_median,1.0,4,0.75,0.4330127018922193,medium
1000567,3050194,sibling_median,1.0,3,4.0,4.242640687119285,medium
1000567,3050202,sibling_median,0.5,4,0.5,0.5,medium
1000567,3050210,sibling_median,0.5,2,0.5,0.5,medium
1000567,3050218,sibling_median,1.0,2,1.0,0.0,medium
1000567,3050340,sibling_median,0.0,6,0.3333333333333333,0.4714045207910317,medium
1000567,3050356,sibling_median,1.0,4,0.75,0.4330127018922193,medium
1000567,3050372,sibling_median,1.0,4,0.75,0.4330127018922193,medium
1000567,3050186,sibling_median,1.0,4,0.75,0.4330127018922193,medium
1000567,3050195,sibling_median,1.0,3,4.0,4.242640687119285,medium
1000567,3050203,sibling_median,0.5,4,0.5,0.5,medium
1000567,3050211,sibling_median,0.5,2,0.5,0.5,medium
1000567,3050219,sibling_median,1.0,2,1.0,0.0,medium
1000567,3050325,sibling_median,1.0,2,1.0,0.0,medium
1000567,3050365,sibling_median,1.0,3,1.0,0.0,medium
1000567,3050373,sibling_median,1.0,4,0.75,0.4330127018922193,medium
1000567,3050397,sibling_median,0.0,4,0.25,0.4330127018922193,medium
1000567,3050196,sibling_median,1.0,3,4.0,4.242640687119285,medium
1000567,3050204,sibling_median,0.5,4,0.5,0.5,medium
1000567,3050220,sibling_median,1.0,2,1.0,0.0,medium
1000567,3050326,sibling_median,1.0,2,1.0,0.0,medium
1000567,3050334,sibling_median,1.0,5,0.8,0.4000000000000001,medium
1000567,3050358,sibling_median,1.0,4,0.75,0.4330127018922193,medium
1000567,3050398,sibling_median,0.0,4,0.25,0.4330127018922193,medium
1000567,3050188,sibling_median,1.0,4,0.75,0.4330127018922193,medium
1000567,3050197,sibling_median,1.0,3,4.0,4.242640687119285,medium
1000567,3050213,sibling_median,0.5,2,0.5,0.5,medium
1000567,3050221,sibling_median,1.0,2,1.0,0.0,medium
1000567,3050270,sibling_median,1.0,6,0.6666666666666666,0.4714045207910317,medium
1000567,3050327,sibling_median,1.0,2,1.0,0.0,medium
1000567,3050335,sibling_median,1.0,5,0.8,0.4000000000000001,medium
1000567,3050359,sibling_median,1.0,4,0.75,0.4330127018922193,medium
1000567,3050367,sibling_median,1.0,3,1.0,0.0,medium
1000567,3050375,sibling_median,1.0,4,0.75,0.4330127018922193,medium
1000567,3050399,sibling_median,0.0,4,0.25,0.4330127018922193,medium
1000567,3050206,sibling_median,0.5,4,0.5,0.5,medium
1000567,3050214,sibling_median,0.5,2,0.5,0.5,medium
1000567,3050271,sibling_median,1.0,6,0.6666666666666666,0.4714045207910317,medium
1000567,3050328,sibling_median,1.0,2,1.0,0.0,medium
1000567,3050368,sibling_median,1.0,3,1.0,0.0,medium
1000567,3050190,sibling_median,1.0,4,0.75,0.4330127018922193,medium
1000567,3050199,sibling_median,1.0,3,4.0,4.242640687119285,medium
1000567,3050215,sibling_median,0.5,2,0.5,0.5,medium
1000567,3050223,sibling_median,1.0,2,1.0,0.0,medium
1000567,3050361,sibling_median,1.0,4,0.75,0.4330127018922193,medium
1000567,3050369,sibling_median,1.0,3,1.0,0.0,medium
1000567,3050377,sibling_median,1.0,4,0.75,0.4330127018922193,medium
1000567,3050401,sibling_median,0.0,4,0.25,0.4330127018922193,medium
1000567,3050409,sibling_median,0.0,7,0.14285714285714285,0.3499271061118826,medium
1000567,3050224,sibling_median,1.0,2,1.0,0.0,medium
1000567,3050273,sibling_median,1.0,6,0.6666666666666666,0.4714045207910317,medium
1000567,3050330,sibling_median,1.0,2,1.0,0.0,medium
1000567,3050338,sibling_median,1.0,5,0.8,0.4000000000000001,medium
1000567,3050370,sibling_median,1.0,3,1.0,0.0,medium
1000567,3050217,sibling_median,0.5,2,0.5,0.5,medium
1000567,3050274,sibling_median,1.0,6,0.6666666666666666,0.4714045207910317,medium
1000567,3050331,sibling_median,1.0,2,1.0,0.0,medium
1000567,3050347,sibling_median,0.0,6,0.3333333333333333,0.4714045207910317,medium
1000567,3050193,sibling_median,1.0,4,0.75,0.4330127018922193,medium
1000567,3050226,sibling_median,1.0,2,1.0,0.0,medium
1000585,3051381,sibling_median,60.0,5,64.0,40.792156108742276,medium
1000585,3051384,sibling_median,60.0,5,64.0,40.792156108742276,medium
1000585,3051385,sibling_median,60.0,5,64.0,40.792156108742276,medium
1000591,3051994,sibling_median,10.5,6,13.5,13.586144903295171,medium
1000591,3052011,sibling_median,1.0,7,6.142857142857143,7.356796108333561,medium
1000591,3052012,sibling_median,1.0,7,6.142857142857143,7.356796108333561,medium
1000591,3051998,sibling_median,10.5,6,13.5,13.586144903295171,medium
1000591,3052014,sibling_median,1.0,7,6.142857142857143,7.356796108333561,medium
1000598,3052534,sibling_median,5.5,2,5.5,4.5,medium
1000598,3052553,sibling_median,20.0,2,20.0,20.0,medium
1000603,3052893,sibling_median,80.5,2,80.5,59.5,medium
1000603,3052904,sibling_median,150.0,2,150.0,40.0,medium
1000603,3052909,sibling_median,10.5,4,12.75,12.754901018824098,medium
1000603,3052926,sibling_median,30.0,2,30.0,30.0,medium
1000603,3052932,sibling_median,50.0,2,50.0,10.0,medium
1000603,3052964,sibling_median,205.0,2,205.0,45.0,medium
1000603,3053024,sibling_median,40.0,3,30.0,21.602468994692867,medium
1000603,3053169,sibling_median,11.0,2,11.0,10.0,medium
1000603,3052861,sibling_median,60.0,5,294.0,503.968252968379,medium
1000603,3052910,sibling_median,10.5,4,12.75,12.754901018824098,medium
1000603,3053076,sibling_median,255.0,2,255.0,165.0,medium
1000603,3053149,sibling_median,95.5,2,95.5,94.5,medium
1000603,3053154,sibling_median,90.5,2,90.5,89.5,medium
1000603,3053161,sibling_median,0.0,2,0.0,0.0,medium
1000603,3052935,sibling_median,50.0,2,50.0,10.0,medium
1000603,3053088,sibling_median,60.0,3,196.66666666666666,214.83844059096026,medium
1000603,3052967,sibling_median,205.0,2,205.0,45.0,medium
1000603,3053035,sibling_median,20.0,3,23.333333333333332,4.714045207910316,medium
1000603,3053078,sibling_median,255.0,2,255.0,165.0,medium
1000603,3053152,sibling_median,95.5,2,95.5,94.5,medium
1000603,3053030,sibling_median,40.0,3,30.0,21.602468994692867,medium
1000603,3053115,sibling_median,20.0,2,20.0,20.0,medium
1000609,3054058,sibling_median,1.0,7,0.5714285714285714,0.4948716593053935,medium
1000609,3054060,sibling_median,1.0,7,0.5714285714285714,0.4948716593053935,medium
1000612,3054804,sibling_median,25.5,2,25.5,24.5,medium
1000612,3054817,sibling_median,50.5,2,50.5,0.5,medium
1000612,3054878,sibling_median,30.5,2,30.5,9.5,medium
1000612,3054888,sibling_median,35.5,2,35.5,4.5,medium
1000612,3054805,sibling_median,25.5,2,25.5,24.5,medium
1000612,3054847,sibling_median,65.5,2,65.5,64.5,medium
1000612,3054852,sibling_median,20.0,3,36.666666666666664,30.912061651652348,medium
1000612,3054893,sibling_median,31.0,3,64.0,53.89495956642575,medium
1000612,3054860,sibling_median,10.0,2,10.0,0.0,medium
1000612,3054866,sibling_median,31.0,3,44.0,33.53605025441527,medium
1000612,3054863,sibling_median,5.5,2,5.5,4.5,medium
1000614,3055350,sibling_median,0.0,2,0.0,0.0,medium
1000614,3055379,sibling_median,1.0,2,1.0,0.0,medium
1000614,3055269,sibling_median,0.5,2,0.5,0.5,medium
1000614,3055272,sibling_median,0.5,2,0.5,0.5,medium
1000614,3055380,sibling_median,1.0,2,1.0,0.0,medium
1000614,3055267,sibling_median,1.0,2,1.0,0.0,medium
1000614,3055381,sibling_median,1.0,2,1.0,0.0,medium
1000614,3055367,sibling_median,1.0,4,1.0,0.0,medium
1000618,3055829,sibling_median,30.0,2,30.0,10.0,medium
1000624,3056613,sibling_median,10.0,3,20.0,21.602468994692867,medium
1000624,3056644,sibling_median,40.0,4,62.5,59.31905258852336,medium
1000624,3056687,sibling_median,20.0,2,20.0,10.0,medium
1000624,3056629,sibling_median,25.5,2,25.5,14.5,medium
1000624,3056711,sibling_median,25.0,2,25.0,15.0,medium
1000624,3056617,sibling_median,10.0,3,20.0,21.602468994692867,medium
1000624,3056675,sibling_median,20.0,3,30.0,29.43920288775949,medium
1000624,3056770,sibling_median,5.0,2,5.0,5.0,medium
1000624,3056775,sibling_median,90.0,2,90.0,90.0,medium
1000624,3056788,sibling_median,0.0,5,2.0,4.0,medium
1000624,3056807,sibling_median,30.5,2,30.5,0.5,medium
1000624,3056733,sibling_median,70.0,3,60.0,21.602468994692867,medium
1000624,3056789,sibling_median,0.0,5,2.0,4.0,medium
1000624,3056643,sibling_median,20.5,4,45.25,49.11911542363116,medium
1000624,3056658,sibling_median,40.0,4,62.5,59.31905258852336,medium
1000624,3056723,sibling_median,115.0,2,115.0,85.0,medium
1000624,3056683,sibling_median,20.0,3,13.666666666666666,9.672412085697939,medium
1000624,3056693,sibling_median,25.0,2,25.0,5.0,medium
1000624,3056766,sibling_median,5.0,2,5.0,5.0,medium
1000624,3056804,sibling_median,5.0,2,5.0,5.0,medium
1000624,3056767,sibling_median,5.0,2,5.0,5.0,medium
1000624,3056805,sibling_median,5.0,2,5.0,5.0,medium
1000629,3057064,sibling_median,5.5,2,5.5,5.5,medium
1000634,3057415,sibling_median,0.0,2,0.0,0.0,medium
1000634,3057413,sibling_median,0.0,2,0.0,0.0,medium
1000637,3057825,sibling_median,0.5,2,0.5,0.5,medium
1000647,3058038,sibling_median,0.0,2,0.0,0.0,medium
1000658,3058920,sibling_median,0.0,2,0.0,0.0,medium
